No.,ハングル,日本語意味,alphabet(読み方)
1,가계부,家計簿,gagyebu
2,가구점,家具店,gagujeom
3,가까이,近く,gakkai
4,가꾸다,栽培する,gakkuda
5,가난,貧乏,ganan
6,가늘다,細い,ganeulda
7,가능,可能,ganeung
8,가능성,可能性,ganeungseong
9,가능하다,可能だ,ganeunghada
10,가득,いっぱい,gadeuk
11,가라앉다,沈む,garaanda
12,가렵다,かゆい,garyeopda
13,가루비누,粉石鹸,garubinu
14,가리다,選ぶ,garida
15,가리키다,示す,garikida
16,가만히,じっと、おとなしく,gamanhi
17,가뭄,干ばつ、日照り,gamum
18,가사,家事,gasa
19,가상,仮想,gasang
20,가스,ガス,gaseu
21,가습기,加湿器,gaseupgi
22,가입,加入,gaip
23,가전제품,家電製品,gajeonjepum
24,가정,家庭,gajeong
25,가족적,家族的,gajokjeok
26,가축,家畜,gachuk
27,가치,価値,gachi
28,각각,別々に、それぞれ,gakgak
29,각자,各自,gakja
30,각종,各種,gakjong
31,간격,間隔,gangyeok
32,간절히,切に,ganjeolhi
33,간접적,間接的,ganjeopjeok
34,간판,看板,ganpan
35,간호,看護,ganho
36,갈다,替える,galda
37,갈등,葛藤,galdeung
38,갈수록,ますます,galsurok
39,갈아입다,着替える,garaipda
40,감각,感覚,gamgak
41,감기다,巻かれる,gamgida
42,감독,監督,gamdok
43,감동적,感動的,gamdongjeok
44,감상,鑑賞,gamsang
45,감소,減少,gamso
46,감정,感情,gamjeong
47,감탄,感嘆、感歎,gamtan
48,강물,川水,gangmul
49,강변,川沿い、川辺,gangbyeon
50,강사,講師,gangsa
51,강수량,降水量,gangsuryang
52,강연,講演,gangyeon
53,강우량,降雨量,ganguryang
54,강의,講義,gangui
55,강의실,講義室,ganguisil
56,강조,強調,gangjo
57,강하다,強い,ganghada
58,갖추다,整える、準備する,gatchuda
59,갚다,返す、報いる,gapda
60,개강,開講,gaegang
61,개구리,カエル,gaeguri
62,개구쟁이,いたずらっ子、やんちゃ,gaegujaengi
63,개다,晴れる,gaeda
64,개막식,開幕式、開会式,gaemaksik
65,개발,開発,gaebal
66,개방,開放,gaebang
67,개방적,開放的,gaebangjeok
68,개선,改善,gaeseon
69,개성,個性,gaeseong
70,개성적,個性的,gaeseongjeok
71,개인적,個人的,gaeinjeok
72,개최,開催,gaechoe
73,객관적,客観的,gaekgwanjeok
74,객실,客室,gaeksil
75,갸름하다,細長い,gyareumhada
76,걔,その子,gyae
77,거래,取引,georae
78,거미,蜘蛛,geomi
79,거북이,カメ,geobugi
80,거스름돈,お釣り,geoseureumdon
81,거절,拒絶,geojeol
82,거짓,嘘、偽り,geojit
83,거치다,こすれる,geochida
84,거품,泡,geopum
85,걱정거리,心配事,geokjeonggeori
86,건강식,健康食,geongangsik
87,건강식품,健康食品,geongangsikpum
88,건너,向こう,geonneo
89,건네다,手渡す、（声を）かける,geonneda
90,건더기,具、カップ麺の加薬,geondeogi
91,건망증,健忘症、物忘れ,geonmangjeung
92,건설,建設,geonseol
93,건전지,乾電池,geonjeonji
94,건조,乾燥,geonjo
95,건축,建築,geonchuk
96,건축가,建築家,geonchukga
97,걸레,雑巾,geolre
98,걸레질,雑巾がけ,geolrejil
99,걸음,歩み,georeum
100,검다,黒い,geomda
101,검사,検査,geomsa
102,검색,検索,geomsaek
103,검색어,検索語、検索単語,geomsaegeo
104,겁,恐れ、怖さ,geop
105,겉,表面、外面,geot
106,겉모습,見かけ,geotmoseup
107,게다가,その上、それに,gedaga
108,게시판,掲示板,gesipan
109,게으르다,怠ける、怠惰だ,geeureuda
110,게임기,ゲーム機,geimgi
111,겨우,やっと、ようやく,gyeou
112,격려,激励,gyeokryeo
113,겪다,経験する、経る,gyeokda
114,견디다,耐える,gyeondida
115,결과적,結果的,gyeolgwajeok
116,결국,結局,gyeolguk
117,결론,結論,gyeolron
118,결말,結末,gyeolmal
119,결석,欠席,gyeolseok
120,결승전,決勝戦,gyeolseungjeon
121,결심,決心,gyeolsim
122,결코,決して,gyeolko
123,결혼기념일,結婚記念日,gyeolhonginyeomil
124,결혼식장,結婚式場,gyeolhonsikjang
125,겸손,謙遜,gyeomson
126,겹치다,重なる,gyeopchida
127,경고,警告,gyeonggo
128,경력,経歴,gyeongryeok
129,경비,警備,gyeongbi
130,경비원,警備員,gyeongbiwon
131,경영,経営,gyeongyeong
132,경영자,経営者,gyeongyeongja
133,경영학,経営学,gyeongyeonghak
134,경우,場合,gyeongu
135,경쟁,競争,gyeongjaeng
136,경쟁력,競争力,gyeongjaengryeok
137,경제,経済,gyeongje
138,경제력,経済力,gyeongjeryeok
139,경제적,経済的,gyeongjejeok
140,경제학,経済学,gyeongjehak
141,계산,計算、会計,gyesan
142,계산대,レジ,gyesandae
143,계산서,計算書,gyesanseo
144,계약,契約,gyeyak
145,계약금,契約金,gyeyakgeum
146,계약서,契約書,gyeyakseo
147,계좌,口座,gyejwa
148,계층,階層,gyecheung
149,계획성,計画性,gyehoekseong
150,계획적,計画的,gyehoekjeok
151,고개,頭、峠,gogae
152,고객,顧客,gogaek
153,고구마,さつまいも,goguma
154,고궁,昔の韓国の宮殿,gogung
155,고급,高級,gogeup
156,고래,クジラ,gorae
157,고마움,ありがたみ,gomaum
158,고무신,ゴム靴,gomusin
159,고무줄,輪ゴム,gomujul
160,고민,悩み,gomin
161,고백,告白,gobaek
162,고생,苦労,gosaeng
163,고소하다,香ばしい,gosohada
164,고속,高速,gosok
165,고속도로,高速道路,gosokdoro
166,고아원,孤児院,goawon
167,고유하다,固有である,goyuhada
168,고지서,告知書,gojiseo
169,고집,固執,gojip
170,고춧가루,唐辛子粉,gochutgaru
171,고층,高層,gocheung
172,고통,苦痛,gotong
173,곤란,困難,gonran
174,골고루,均等に,golgoru
175,골목길,路地,golmokgil
176,골치가 아프다,非常に面倒だ,golchiga apeuda
177,곰,クマ,gom
178,곱슬머리,くせ毛、天然パーマ,gopseulmeori
179,곳곳,あちこち、至るところ,gotgot
180,공공요금,公共料金,gonggongyogeum
181,공공장소,公共の場所,gonggongjangso
182,공동,共同,gongdong
183,공동생활,共同生活,gongdongsaenghwal
184,공사,工事,gongsa
185,공손하다,礼儀正しい,gongsonhada
186,공연장,公演会場,gongyeonjang
187,공장,工場,gongjang
188,공주,お姫様,gongju
189,공통,共通,gongtong
190,공통점,共通点,gongtongjeom
191,공포,恐怖,gongpo
192,공해,公害,gonghae
193,과로,過労,gwaro
194,과목,科目,gwamok
195,과소비,浪費,gwasobi
196,과속,スピード違反、,gwasok
197,과식,食べ過ぎ,gwasik
198,과연,果たして,gwayeon
199,과외,家庭教師レッスン,gwaoe
200,과음,飲み過ぎ,gwaeum
201,과장,課長,gwajang
202,과장하다,誇張する,gwajanghada
203,과정,過程,gwajeong
204,과제,課題,gwaje
205,과학자,科学者,gwahakja
206,과학적,科学的,gwahakjeok
207,관객,観客,gwangaek
208,관계없다,関係ない,gwangyeeopda
209,관계자,関係者,gwangyeja
210,관광,観光,gwangwang
211,관광객,観光客,gwangwanggaek
212,관광지,観光地,gwangwangji
213,관람,観覧,gwanram
214,관람객,観覧客,gwanramgaek
215,관련,関連,gwanryeon
216,관련성,関連性,gwanryeonseong
217,관리,管理,gwanri
218,관리실,管理室,gwanrisil
219,관용어,慣用句,gwanyongeo
220,관찰,観察,gwanchal
221,광장,広場,gwangjang
222,괜히,訳もなく,gwaenhi
223,괴로움,辛さ,goeroum
224,괴로워하다,煩う(わずら),goerowohada
225,괴롭다,辛い,goeropda
226,괴롭히다,苦しめる、いじめる,goerophida
227,굉장하다,凄い,goengjanghada
228,굉장히,ものすごく,goengjanghi
229,교사,教師,gyosa
230,교외,郊外,gyooe
231,교육,教育,gyoyuk
232,교육자,教育者,gyoyukja
233,교육학,教育学,gyoyukhak
234,교재,教材,gyojae
235,교통수단,交通手段,gyotongsudan
236,교통편,交通手段,gyotongpyeon
237,교포,同胞,gyopo
238,교환,交換,gyohwan
239,구두쇠,ケチ,gudusoe
240,구르다,転がる,gureuda
241,구매,購買,gumae
242,구멍,穴,gumeong
243,구별,区別,gubyeol
244,구분,区分,gubun
245,구성,構成,guseong
246,구이,焼き物,gui
247,구인,求人,guin
248,구입,購入,guip
249,구조,構造,gujo
250,구조대,救助隊,gujodae
251,구체적,具体的,guchejeok
252,국가,国家,gukga
253,국그릇,汁椀,gukgeureut
254,국내선,国内線,guknaeseon
255,국문학,国文学,gukmunhak
256,국물,汁、スープ,gukmul
257,국민,国民,gukmin
258,국악,伝統音楽,gugak
259,국외,国外,gugoe
260,국제결혼,国際結婚,gukjegyeolhon
261,국제선,国際線,gukjeseon
262,국화,菊,gukhwa
263,군대,軍隊,gundae
264,군데,所,gunde
265,굵다,太い,gukda
266,궁금증,気がかり,gunggeumjeung
267,궁금하다,気になる,gunggeumhada
268,권하다,すすめる,gwonhada
269,귀걸이,イヤリング,gwigeori
270,귀국,帰国,gwiguk
271,귀신,幽霊、お化け,gwisin
272,귀중하다,貴重だ,gwijunghada
273,귀찮다,面倒くさい,gwichanta
274,귀하다,尊い、高貴だ、立派だ,gwihada
275,규칙적,規則的,gyuchikjeok
276,그네,ブランコ,geune
277,그녀,彼女,geunyeo
278,그늘,日陰,geuneul
279,그대로,そのまま,geudaero
280,그래도,それでも,geuraedo
281,그래야,そうしてみたところで,geuraeya
282,그래프,グラフ,geuraepeu
283,그러니,だから,geureoni
284,그러다가,そうこうするうちに,geureodaga
285,그러므로,それゆえ,geureomeuro
286,그러자,すると,geureoja
287,그러하다,そのようだ,geureohada
288,그루 ～,株、～本,geuru ～
289,그룹,グループ,geurup
290,그리,それほど,geuri
291,그리워하다,なつかしがる,geuriwohada
292,그리하여,そうして,geurihayeo
293,그림책,絵本,geurimchaek
294,그립다,懐かしい、恋しい,geuripda
295,그만두다,やめる,geumanduda
296,그만큼,それくらい,geumankeum
297,그저,ただ,geujeo
298,근데,ところで,geunde
299,근로자,勤労者,geunroja
300,근무,勤務,geunmu
301,근육,筋肉,geunyuk
302,글쎄,まあ,geulsse
303,글쓴이,著者,geulsseuni
304,글씨,文字,geulssi
305,글자,文字,geulja
306,긁다,掻く(かく）、ひっかく,geukda
307,금,金,geum
308,금메달,金メダル,geummedal
309,금액,金額,geumaek
310,금지,禁止,geumji
311,급히,急に,geuphi
312,긍정적,肯定的、前向き,geungjeongjeok
313,기계,機械,gigye
314,기념,記念,ginyeom
315,기념관,記念館,ginyeomgwan
316,기념일,記念日,ginyeomil
317,기념품,記念品,ginyeompum
318,기능,機能,gineung
319,기다,這う,gida
320,기대,期待,gidae
321,기도,祈祷,gido
322,기둥,柱,gidung
323,기록,記録,girok
324,기본,基本,gibon
325,기본적,基本的,gibonjeok
326,기부,寄付,gibu
327,기쁨,喜び,gippeum
328,기술,技術,gisul
329,기술자,技術者,gisulja
330,기억,記憶,gieok
331,기억나다,思い出す,gieoknada
332,기억력,記憶力,gieokryeok
333,기업,企業,gieop
334,기업인,企業家,gieobin
335,기운,元気、気運,giun
336,기울이다,傾ける,giurida
337,기준,基準,gijun
338,기차역,駅,gichayeok
339,기차표,列車のチケット,gichapyo
340,기초,基礎,gicho
341,기행문,紀行文,gihaengmun
342,기호,記号,giho
343,기혼,既婚,gihon
344,기회,機会、チャンス,gihoe
345,기후,気候,gihu
346,긴장감,緊張感,ginjanggam
347,길가,道端,gilga
348,길거리,通り、路上,gilgeori
349,길이,長さ,giri
350,김장,冬にキムチを漬け込む行事,gimjang
351,깊다,深い,gipda
352,깊이,深さ、深く,gipi
353,까다,皮をむく,kkada
354,까다롭다,気難しい,kkadaropda
355,깔다,敷く,kkalda
356,깜빡,うっかり,kkamppak
357,깨끗이,きれいに,kkaekkeusi
358,깨닫다,悟る,kkaedatda
359,깨뜨리다,割る,kkaetteurida
360,깨소금,ゴマ塩,kkaesogeum
361,깨우다,起こす,kkaeuda
362,깻잎,エゴマの葉,kkaesip
363,꺼지다,消える,kkeojida
364,껍질,皮,kkeopjil
365,꼬리,しっぽ,kkori
366,꼬박꼬박,欠かさずきちんと,kkobakkkobak
367,꼭대기,てっぺん、頂上,kkokdaegi
368,꼴찌,びり、最下位,kkoljji
369,꼼꼼하다,几帳面だ,kkomkkomhada
370,꼼꼼히,几帳面に,kkomkkomhi
371,꽃병,花瓶,kkotbyeong
372,꽤,かなり、なかなか,kkwae
373,꾸미다,飾る,kkumida
374,꾸준히,着実に,kkujunhi
375,꾸짖다,叱る,kkujitda
376,꿀,はちみつ,kkul
377,꿀벌,ミツバチ,kkulbeol
378,꿈꾸다,夢見る,kkumkkuda
379,끈,紐,kkeun
380,끊다,切る,kkeunta
381,끊어지다,切れる,kkeuneojida
382,끊임없다,絶え間無い,kkeunimeopda
383,끌다,引く,kkeulda
384,끝내,最後まで、ついに,kkeutnae
385,끼어들다,割り込む,kkieodeulda
386,나날이,日に日に,nanari
387,나들이,おでかけ,nadeuri
388,나름,次第,nareum
389,나머지,残り、余り,nameoji
390,나물,ナムル,namul
391,나뭇잎,葉,namusip
392,나서다,進み出る、関与する,naseoda
393,나아가다,進む,naagada
394,나아지다,よくなる,naajida
395,나타내다,現す,natanaeda
396,낙서,落書き,nakseo
397,낙엽,落ち葉,nagyeop
398,난로,ストーブ、暖炉,nanro
399,난방,暖房,nanbang
400,날개,翼、羽,nalgae
401,날다,飛ぶ,nalda
402,날로,日ごとに,nalro
403,날리다,飛ばす,nalrida
404,날씬하다,やせている,nalssinhada
405,날아가다,飛ぶ,naragada
406,날아다니다,飛び回る,naradanida
407,날아오다,飛んでくる,naraoda
408,날아오르다,飛び立つ,naraoreuda
409,낡다,古い,nakda
410,남녀노소,老若男女,namnyeonoso
411,남녀평등,男女平等,namnyeopyeongdeung
412,남다,残る、余る,namda
413,남부,南部,nambu
414,남성,男性,namseong
415,남성복,男性服,namseongbok
416,낫다,治る,natda
417,낭비,浪費、無駄遣い,nangbi
418,낯설다,見慣れない,natseolda
419,낳다,産む,nata
420,내내,ずっと,naenae
421,내려다보다,見下ろす,naeryeodaboda
422,내복,下着,naebok
423,내부,内部,naebu
424,내성적,内気な,naeseongjeok
425,내용물,中身、内容物,naeyongmul
426,내쫓다,追い出す,naejjotda
427,냇가,小川,naetga
428,냉방병,冷房病,naengbangbyeong
429,너그럽다,寛大だ、度量が大きい,neogeureopda
430,너무나,あまりにも,neomuna
431,넉넉하다,十分だ、豊かだ,neokneokhada
432,널다,干す、風に当てる,neolda
433,넓히다,広げる、広くする,neolhida
434,넘기다,渡す,neomgida
435,넘어가다,移る,neomeogada
436,넘치다,あふれる,neomchida
437,네모나다,四角い,nemonada
438,네트워크,ネットワーク,neteuwokeu
439,년대,年代,nyeondae
440,노동,労働,nodong
441,노동자,労働者,nodongja
442,노력,努力,noryeok
443,노선,路線,noseon
444,노약자,お年寄り、体の不自由な方,noyakja
445,노인,老人,noin
446,노처녀,未婚で年をとった女性,nocheonyeo
447,노총각,未婚で年を取った男性,nochonggak
448,노트북,ノート型パソコン,noteubuk
449,녹다,溶ける,nokda
450,녹음,録音,nogeum
451,녹음기,録音機,nogeumgi
452,논문,論文,nonmun
453,놀랍다,驚くべきだ、目覚ましい,nolrapda
454,놀리다,からかう,nolrida
455,놀이,遊び,nori
456,놀이터,公園、広場,noriteo
457,놈,奴,nom
458,농담,冗談,nongdam
459,농민,農民、農夫,nongmin
460,농부,農夫,nongbu
461,농사,農業,nongsa
462,농약,農薬,nongyak
463,농작물,農作物,nongjakmul
464,농촌,農村,nongchon
465,높이,高さ,nopi
466,높이다,高める,nopida
467,높임말,敬語,nopimmal
468,놓이다,置かれる,noida
469,놓치다,逃す、失う,nochida
470,눈길,視線,nungil
471,눈높이,目の高さ,nunnopi
472,눈병,眼病,nunbyeong
473,눈보라,吹雪,nunbora
474,눈사태,雪崩,nunsatae
475,눈썹,眉,nunsseop
476,눈치,気転、、顔つき,nunchi
477,눌러쓰다,深々とかぶる,nulreosseuda
478,느긋하다,のんびりしている、ゆったりしている,neugeuthada
479,느끼하다,脂っこい,neukkihada
480,늘리다,増やす,neulrida
481,늘어나다,伸びる、長くなる、増える,neureonada
482,늘어서다,並ぶ,neureoseoda
483,늙다,老いる,neukda
484,늦추다,遅らせる,neutchuda
485,다가오다,近づいてくる、接近する,dagaoda
486,다녀가다,寄っていく,danyeogada
487,다람쥐,リス,daramjwi
488,다루다,扱う,daruda
489,다림질,アイロンかけ,darimjil
490,다수,多数,dasu
491,다양하다,多様だ,dayanghada
492,다음날,翌日,daeumnal
493,다정하다,思いやりがある、情深い、やさしい,dajeonghada
494,다투다,もめる、言い争う,datuda
495,다행,幸い,dahaeng
496,다행히,幸い、運よく,dahaenghi
497,단계,段階,dangye
498,단골,常連,dangol
499,단기간,短期間,dangigan
500,단단하다,丈夫だ、しっかりしている,dandanhada
501,단발머리,おかっぱ,danbalmeori
502,단백질,タンパク質,danbaekjil
503,단속,取り締まり,dansok
504,단순하다,単純である,dansunhada
505,단순히,単純に,dansunhi
506,단위,単位,danwi
507,단정하다,断定する、端正だ,danjeonghada
508,단체,団体,danche
509,단풍,紅葉、もみじ,danpung
510,달라지다,変わる,dalrajida
511,달려가다,走る,dalryeogada
512,달려오다,走ってくる,dalryeooda
513,달리,他に、別に,dalri
514,달리기,ランニング,dalrigi
515,달밤,月夜,dalbam
516,달아나다,逃げる,daranada
517,달콤하다,甘ったるい,dalkomhada
518,닭갈비,タッカルビ,dakgalbi
519,담,垣根,dam
520,담기다,入れられる、盛られる,damgida
521,담다,盛る,damda
522,담당,担当,damdang
523,담당자,担当者,damdangja
524,담백하다,淡白だ,dambaekhada
525,담뱃불,たばこの火,dambaetbul
526,담임,担任,damim
527,답,答え、返事,dap
528,답글,返信,dapgeul
529,답답하다,はがゆい、重苦しい,dapdaphada
530,답변,答弁,dapbyeon
531,당기다,引く、引っ張る,danggida
532,당분간,当分の間,dangbungan
533,당연하다,当然である,dangyeonhada
534,당연히,当然,dangyeonhi
535,당장,即刻、今のところ,dangjang
536,당하다,やられる,danghada
537,당황하다,慌てる,danghwanghada
538,대개,大概、大抵,daegae
539,대기업,大企業,daegieop
540,대다,当てる、触れる,daeda
541,대단하다,すごい、大したものだ,daedanhada
542,대단히,非常に,daedanhi
543,대도시,大都市,daedosi
544,대량,大量,daeryang
545,대리,代理,daeri
546,대문,門,daemun
547,대신,代わり,daesin
548,대여,貸与、レンタル,daeyeo
549,대여료,レンタル料,daeyeoryo
550,대접,もてなし、接待,daejeop
551,대중,大衆,daejung
552,대중교통,公共交通機関,daejunggyotong
553,대중목욕탕,銭湯,daejungmogyoktang
554,대책,対策,daechaek
555,대청소,大掃除,daecheongso
556,대체로,大体,daechero
557,대출,貸し付け、貸し出し,daechul
558,대통령,大統領,daetongryeong
559,대표,代表,daepyo
560,대표적,代表的,daepyojeok
561,대형,大型,daehyeong
562,댄스,ダンス,daenseu
563,더구나,その上、しかも、さらに,deoguna
564,더러워지다,汚れる,deoreowojida
565,더욱,もっと、よりいっそう,deouk
566,더위,暑さ,deowi
567,더하다,ひどくなる、加える,deohada
568,덕,おかげ,deok
569,던지다,投げる,deonjida
570,덜,より少なく、まだ～ない,deol
571,덜다,減らす,deolda
572,데다,やけどする,deda
573,데려오다,連れてくる,deryeooda
574,데치다,ゆでる、さっとゆでる,dechida
575,도구,道具,dogu
576,도난,盗難,donan
577,도대체,一体全体,dodaeche
578,도둑,泥棒,doduk
579,도망가다,逃げる,domanggada
580,도서,図書,doseo
581,도시락,弁当,dosirak
582,도장,印鑑、実印,dojang
583,도전,挑戦,dojeon
584,도중,途中,dojung
585,독,毒,dok
586,독감,インフルエンザ、ひどい風邪,dokgam
587,독립,独立,dokrip
588,독방,独房,dokbang
589,독신자,独身者,doksinja
590,독특하다,独特だ,dokteukhada
591,돌,石,dol
592,돌다,回る,dolda
593,돌려받다,返してもらう,dolryeobatda
594,돌려보내다,返す、帰らせる,dolryeobonaeda
595,돌려주다,返す,dolryeojuda
596,돌리다,回す,dolrida
597,돌보다,面倒をみる、世話をする,dolboda
598,돌솥,石鍋,dolsot
599,돌아다니다,歩き回る,doradanida
600,돌아보다,振り向いて見る,doraboda
601,돌아서다,振り返る,doraseoda
602,돌잔치,一歳の誕生日,doljanchi
603,동굴,洞窟,donggul
604,동료,同僚,dongryo
605,동물원,動物園,dongmurwon
606,동부,東部,dongbu
607,동서양,東洋と西洋,dongseoyang
608,동시,同時,dongsi
609,동양화,東洋画,dongyanghwa
610,동영상,動画,dongyeongsang
611,동일하다,同じである,dongilhada
612,동작,動作,dongjak
613,동창,同窓,dongchang
614,동창회,同窓会,dongchanghoe
615,동해안,東海岸,donghaean
616,동호회,同好会,donghohoe
617,동화,童話,donghwa
618,동화책,児童書,donghwachaek
619,되도록,できるだけ,doedorok
620,되돌리다,取り戻す,doedolrida
621,되돌아보다,振り返る,doedoraboda
622,되살아나다,生き返る、蘇る,doesaranada
623,두려움,恐れ,duryeoum
624,두려워하다,恐れる,duryeowohada
625,두세,二・三,duse
626,두통,頭痛,dutong
627,두통약,頭痛薬,dutongyak
628,둔하다,鈍い,dunhada
629,둘러보다,見回す,dulreoboda
630,둥글다,丸い,dunggeulda
631,뒤떨어지다,劣る、遅れる,dwitteoreojida
632,뒤집다,裏返す,dwijipda
633,뒤풀이,打ち上げ,dwipuri
634,뒷모습,後ろ姿,dwitmoseup
635,뒷문,裏門,dwitmun
636,뒷이야기,裏話,dwisiyagi
637,뒷자리,後ろの席,dwitjari
638,드디어,いよいよ、ついに,deudieo
639,드라이,ドライ,deurai
640,드림,ドリーム,deurim
641,드물다,まれだ,deumulda
642,든든하다,心強い、頼もしい、しっかりしている,deundeunhada
643,들려주다,聞かせてくれる,deulryeojuda
644,들르다,立ち寄る,deulreuda
645,들리다,聞こえる,deulrida
646,들어보다,聞いてみる,deureoboda
647,들어주다,聞いてくれる,deureojuda
648,들이다,かける、費やす,deurida
649,등록,登録,deungrok
650,등록금,登録金、授業料,deungrokgeum
651,등록증,登録証,deungrokjeung
652,등불,明かり、灯火,deungbul
653,디스크,ディスク、ヘルニア,diseukeu
654,디자이너,デザイナー,dijaineo
655,디지털,デジタル,dijiteol
656,따다,もぎとる、摘む、得る,ttada
657,따라다니다,ついていく、つきまとう,ttaradanida
658,따라서,従って,ttaraseo
659,따로따로,別々、それぞれ,ttarottaro
660,따지다,問い詰める,ttajida
661,딱,ピッタリ,ttak
662,딱딱하다,固い,ttakttakhada
663,딴,べつの、他の,ttan
664,땅,土地,ttang
665,땅콩,ピーナッツ,ttangkong
666,때때로,時折,ttaettaero
667,때로,時々,ttaero
668,떠오르다,浮かぶ,tteooreuda
669,떨다,震える、震わす,tteolda
670,떨리다,震える、揺れる,tteolrida
671,떨어뜨리다,落とす、下落させる,tteoreotteurida
672,떼다,取る、離す,tteda
673,또박또박,きちんと、はきはき、,ttobakttobak
674,또한,また,ttohan
675,똑같이,同じく,ttokgati
676,똑똑하다,利口だ、賢い、頭いい,ttokttokhada
677,뚜렷하다,はっきりしている,tturyeothada
678,뚫다,穴を開ける,ttulta
679,뚱뚱하다,太っている,ttungttunghada
680,뛰어가다,走る,ttwieogada
681,뛰어나다,優れている,ttwieonada
682,뛰어내리다,飛び降りる,ttwieonaerida
683,뛰어넘다,飛び越える,ttwieoneomda
684,뛰어다니다,走りまわる,ttwieodanida
685,뛰어오다,走ってくる,ttwieooda
686,뛰쳐나가다,飛び出す,ttwichyeonagada
687,뜨거워지다,熱くなる,tteugeowojida
688,뜻밖에,意外に,tteutbakke
689,띠,干支,tti
690,램프,ランプ,raempeu
691,레몬,レモン,remon
692,레포츠,レジャースポーツ,repocheu
693,렌즈,レンズ,renjeu
694,렌터카,レンタカー,renteoka
695,로또,ロット、宝くじ,rotto
696,로봇,ロボット,robot
697,로비,ロビー,robi
698,룸메이트,ルームメイト,rummeiteu
699,리듬,リズム,rideum
700,리모컨,リモコン,rimokeon
701,마감일,締め切り日,magamil
702,마네킹,マネキン,maneking
703,마당,庭,madang
704,마디,節,madi
705,마라톤,マラソン,maraton
706,마련하다,設ける,maryeonhada
707,마루,板の間,maru
708,마무리,仕上げ,mamuri
709,마술,手品,masul
710,마스크,マスク,maseukeu
711,마약,麻薬,mayak
712,마을,村,maeul
713,마음껏,心おきなく、思いっきり,maeumkkeot
714,마음대로,自分勝手に、思い通りに,maeumdaero
715,마음먹다,決心する,maeummeokda
716,마음씨,心、気立て,maeumssi
717,마주보다,向き合う,majuboda
718,마주치다,ぶつかる、目が合う,majuchida
719,마중,出迎え,majung
720,마찬가지,同様,machangaji
721,마치,まるで、あたかも、ちょうど,machi
722,마침,ちょうど、たまたま,machim
723,마침내,遂に,machimnae
724,마케팅,マーケティング,maketing
725,마트,マート,mateu
726,막,めちゃくちゃに、やたらに,mak
727,막내,末っ子,maknae
728,막다,ふさぐ、さえぎる,makda
729,막대기,棒,makdaegi
730,막차,終電,makcha
731,만남,出会い,mannam
732,만년필,万年筆,mannyeonpil
733,만약,もしも、万が一,manyak
734,만족,満足,manjok
735,만족감,満足感,manjokgam
736,만화책,漫画,manhwachaek
737,맏딸,長女,matttal
738,맏아들,長男,madadeul
739,말다툼,口喧嘩、口論,maldatum
740,말리다,引き止める、乾かす,malrida
741,말투,話し方、言葉使い,maltu
742,맛보다,味見する,matboda
743,망가뜨리다,壊す、ダメにする,manggatteurida
744,망가지다,壊れる、駄目になる,manggajida
745,망설이다,ためらう、躊躇する,mangseorida
746,망하다,滅ぶ,manghada
747,맞벌이,共稼ぎ,matbeori
748,맞이,迎え,maji
749,맞추다,合わせる、仕立てる,matchuda
750,맡기다,任せる,matgida
751,맡다,引き受ける,matda
752,매년,毎年,maenyeon
753,매달,毎月,maedal
754,매력,魅力,maeryeok
755,매력적,魅力的,maeryeokjeok
756,매연,煤煙,maeyeon
757,매운탕,メウンタン、魚のアラ鍋,maeuntang
758,매점,売店,maejeom
759,매진,売り切れ,maejin
760,매체,媒体,maeche
761,매콤하다,やや辛い、ピリ辛い,maekomhada
762,매표소,チケット売り場,maepyoso
763,맨발,素足,maenbal
764,맨손,素手,maenson
765,맹인,盲人,maengin
766,맺다,結ぶ,maetda
767,머리카락,髪、髪の毛,meorikarak
768,머무르다,とどまる,meomureuda
769,머지않다,遠くない,meojianta
770,먹을거리,食べ物,meogeulgeori
771,먹이,えさ,meogi
772,먹이다,食べさせる,meogida
773,먼지,ちり、ほこり,meonji
774,멀리,遠く,meolri
775,멀티미디어실,マルチメディア室,meoltimidieosil
776,멈추다,止まる、泊まる,meomchuda
777,멋지다,素敵だ,meotjida
778,멍,あざ,meong
779,메일,メール,meil
780,멜로디,メロディー,melrodi
781,멜론,メロン,melron
782,며느리,嫁,myeoneuri
783,면,面、麺,myeon
784,면세점,免税店,myeonsejeom
785,면접,面接,myeonjeop
786,면접관,面接官,myeonjeopgwan
787,면접시험,面接試験,myeonjeopsiheom
788,면허증,免許証,myeonheojeung
789,명랑,明朗,myeongrang
790,명랑하다,朗らかだ、明るい,myeongranghada
791,명사,名詞,myeongsa
792,명소,名所,myeongso
793,명품,ブランド品、名品,myeongpum
794,몇몇,いくつかの、若干,myeotmyeot
795,모국어,母国語,mogugeo
796,모기,蚊,mogi
797,모델,モデル,model
798,모래,砂,morae
799,모범생,模範生,mobeomsaeng
800,모습,姿,moseup
801,모음,母音,moeum
802,모자라다,足りない,mojarada
803,모집,募集,mojip
804,모험심,冒険心,moheomsim
805,모형,模型,mohyeong
806,목마르다,喉が渇く,mokmareuda
807,목사,牧師,moksa
808,목숨,命,moksum
809,목욕탕,銭湯,mogyoktang
810,목적지,目的地,mokjeokji
811,목표,目標,mokpyo
812,몰라보다,わからない、見違える,molraboda
813,몰래,こっそり,molrae
814,몰려들다,押し寄せる,molryeodeulda
815,몰리다,寄り集まる,molrida
816,몸무게,体重,mommuge
817,몸짓,身振り、ジャスチャー,momjit
818,몹시,とても、たいへん、ひどく,mopsi
819,못생기다,ぶさいくだ、醜い,motsaenggida
820,무게,重さ,muge
821,무관심,無関心,mugwansim
822,무너지다,崩れる,muneojida
823,무늬,柄、模様,munui
824,무대,舞台、ステージ,mudae
825,무더위,蒸し暑さ,mudeowi
826,무덤,墓,mudeom
827,무덥다,蒸し暑い,mudeopda
828,무렵,頃,muryeop
829,무사히,無事に,musahi
830,무서워하다,怖い,museowohada
831,무선,無線,museon
832,무소식,便りのないこと,musosik
833,무시,無視,musi
834,무인,無人,muin
835,무조건,無条件,mujogeon
836,무지개,虹,mujigae
837,무통장  입금,電子振込、ATM入金,mutongjang  ipgeum
838,묵다,泊まる,mukda
839,묶다,束ねる、縛る,mukda
840,문구,文具、文房具,mungu
841,문명,文明,munmyeong
842,문법,文法,munbeop
843,문병,お見舞い,munbyeong
844,문서,文書,munseo
845,문의,問い合わせ,munui
846,문자,文字、SMS、ショートメッセージ,munja
847,문제점,問題点,munjejeom
848,문학,文学,munhak
849,문화생활,文化的な生活,munhwasaenghwal
850,문화유산,文化遺産,munhwayusan
851,문화적,文化的,munhwajeok
852,묻히다,つける、まぶす,muthida
853,물가,物価,mulga
854,물고기,魚,mulgogi
855,물냉면,水冷麺,mulnaengmyeon
856,물다,咬む、口にくわえる,mulda
857,물러서다,後退する,mulreoseoda
858,물려주다,譲る、譲り渡す,mulryeojuda
859,물리다,飽きる、噛まれる,mulrida
860,물방울,水玉,mulbangul
861,물약,飲み薬、水薬,muryak
862,물음,問い,mureum
863,물질,物質,muljil
864,물품,物品,mulpum
865,뮤지컬,ミュージカル,myujikeol
866,미끄러지다,滑る,mikkeureojida
867,미끄럽다,つるつるしている、滑りやすい,mikkeureopda
868,미루다,延ばす,miruda
869,미소,微笑み,miso
870,미역,ワカメ,miyeok
871,미역국,ワカメスープ,miyeokguk
872,미용사,美容師,miyongsa
873,미인,美人,miin
874,미치다,及ぶ、及ぼす,michida
875,미팅,合コン,miting
876,미혼,未婚,mihon
877,민박,民宿、民泊,minbak
878,민속,民俗,minsok
879,민속놀이,民俗遊び,minsoknori
880,민요,民謡,minyo
881,민족,民族,minjok
882,믿다,信じる,mitda
883,믿음,信頼、信仰,mideum
884,믿음직스럽다,頼もしい、信頼できる,mideumjikseureopda
885,믿음직하다,頼もしい,mideumjikhada
886,밀다,押す,milda
887,밀려오다,押し寄せてくる,milryeooda
888,밀리미터,ミリメートル,milrimiteo
889,밉다,憎い、醜い,mipda
890,및,および,mit
891,밑줄,下線,mitjul
892,바가지,ひょうたん,bagaji
893,바구니,かご,baguni
894,바깥,外、屋外、表,bakkat
895,바느질,針仕事,baneujil
896,바늘,針,baneul
897,바닥,底、床,badak
898,바닥나다,底をつく,badaknada
899,바닷물,海水,badatmul
900,바둑,囲碁,baduk
901,바라보다,見渡す、眺める,baraboda
902,바보,馬鹿,babo
903,바위,岩,bawi
904,바이러스,ウイルス,baireoseu
905,바퀴,ホイール、車輪,bakwi
906,바탕,基礎、土台、素地,batang
907,박사,博士,baksa
908,박스,ボックス,bakseu
909,반가워하다,懐かしがる,bangawohada
910,반납,返却,bannap
911,반납일,返却日,bannabil
912,반대,反対,bandae
913,반대말,反対語,bandaemal
914,반대쪽,反対側,bandaejjok
915,반드시,必ず,bandeusi
916,반말,タメ口,banmal
917,반복,反復、リピート,banbok
918,반성,反省,banseong
919,반응,反応,baneung
920,반짝반짝,ぴかぴか,banjjakbanjjak
921,반짝이다,きらめく、輝く,banjjagida
922,반품,返品,banpum
923,반하다,惚れる,banhada
924,받아들이다,受け入れる,badadeurida
925,발걸음,足どり,balgeoreum
926,발견,発見,balgyeon
927,발급,発給,balgeup
928,발달,発達,baldal
929,발레,バレエ,balre
930,발명,発明,balmyeong
931,발목,足首,balmok
932,발생,発生,balsaeng
933,발자국,足跡,baljaguk
934,발표자,発表者,balpyoja
935,발표회,発表会,balpyohoe
936,밝히다,明らかにする,bakhida
937,밟다,踏む,balda
938,밤새,夜の間,bamsae
939,밤새우다,徹夜する,bamsaeuda
940,밥그릇,ご飯茶碗,bapgeureut
941,밥맛,ご飯の味、食欲,bapmat
942,밥상,お膳,bapsang
943,방금,たった今,banggeum
944,방문,訪問,bangmun
945,방송사,放送会社、放送社,bangsongsa
946,방식,方式,bangsik
947,방청객,傍聴人,bangcheonggaek
948,방해,妨害、じゃま,banghae
949,방향,方向,banghyang
950,밭,畑,bat
951,배경,背景,baegyeong
952,배꼽,へそ,baekkop
953,배낭,リュックサック,baenang
954,배낭여행,バックパック旅行,baenangyeohaeng
955,배려,配慮,baeryeo
956,배우자,配偶者,baeuja
957,배추,白菜,baechu
958,배터리,バッテリー,baeteori
959,뱀,蛇,baem
960,뱉다,吐きだす,baetda
961,버릇,癖、礼儀作法,beoreut
962,버릇없다,行儀が悪い、わがままだ,beoreuseopda
963,버섯,きのこ,beoseot
964,버튼,ボタン,beoteun
965,번역,翻訳,beonyeok
966,번호표,番号表,beonhopyo
967,벌금,罰金,beolgeum
968,벌리다,あける、広げる,beolrida
969,벌집,蜂の巣,beoljip
970,범위,範囲,beomwi
971,범인,犯人,beomin
972,범죄,犯罪,beomjoe
973,법,法律、法,beop
974,법원,裁判所,beobwon
975,벗기다,脱がせる、取れる,beotgida
976,벗어나다,抜け出す、それる,beoseonada
977,베개,枕,begae
978,벨,ベル,bel
979,벨트,ベルト,belteu
980,벼,稲,byeo
981,벼락,雷,byeorak
982,벼룩시장,フリーマーケット,byeoruksijang
983,벽걸이,壁掛け,byeokgeori
984,벽돌,煉瓦,byeokdol
985,변경,変更,byeongyeong
986,변기,トイレ,byeongi
987,변명,弁明、言い訳,byeonmyeong
988,변비,便秘,byeonbi
989,변하다,変わる,byeonhada
990,변화,変化,byeonhwa
991,별명,ニックネーム、あだ名、別名,byeolmyeong
992,별일,変わったこと、別ごと,byeoril
993,병문안,お見舞い,byeongmunan
994,보고,報告,bogo
995,보고서,レポート、報告書,bogoseo
996,보고회,報告会,bogohoe
997,보관,保管,bogwan
998,보관실,保管室,bogwansil
999,보기,見本、例,bogi
1000,보너스,ボーナス,boneoseu
1001,보람,やりがい、甲斐,boram
1002,보름,陰暦の十五日,boreum
1003,보름달,満月、十五夜の月,boreumdal
1004,보물,宝物,bomul
1005,보살피다,面倒を見る,bosalpida
1006,보약,強壮剤、補薬,boyak
1007,보증금,保証金、敷金,bojeunggeum
1008,보충,補充,bochung
1009,보험,保険,boheom
1010,보험금,保険金,boheomgeum
1011,보험료,保険料,boheomryo
1012,보호,保護,boho
1013,복,福,bok
1014,복권,宝くじ,bokgwon
1015,복날,ポンナル、滋養食を食べる日,boknal
1016,복도,廊下,bokdo
1017,복사,複写、コピー,boksa
1018,복사기,コピー機,boksagi
1019,복습,復習,bokseup
1020,복통,腹痛,boktong
1021,본론,本論,bonron
1022,본문,本文,bonmun
1023,볼거리,見どころ,bolgeori
1024,볼륨,ボリューム,bolryum
1025,볼링,ボーリング,bolring
1026,볼링장,ボーリング場,bolringjang
1027,볼일,用事,boril
1028,봉사,ボランティア、奉仕,bongsa
1029,봉사자,奉仕者,bongsaja
1030,부끄러워하다,恥ずかしがる,bukkeureowohada
1031,부끄럽다,恥ずかしい,bukkeureopda
1032,부담,負担、負い目,budam
1033,부딪치다,ぶつかる,buditchida
1034,부딪히다,ぶつかる、直面する,budithida
1035,부러워하다,うらやむ,bureowohada
1036,부러지다,折れる,bureojida
1037,부럽다,うらやましい,bureopda
1038,부분,部分,bubun
1039,부사,副詞,busa
1040,부상,負傷、けが,busang
1041,부상자,負傷者,busangja
1042,부서,部署,buseo
1043,부서지다,壊れる,buseojida
1044,부자,金持ち,buja
1045,부작용,副作用,bujagyong
1046,부잣집,金持ちの家,bujatjip
1047,부정적,否定的,bujeongjeok
1048,부족,不足,bujok
1049,부주의,不注意,bujuui
1050,부지런히,熱心に,bujireonhi
1051,부채,うちわ、扇子,buchae
1052,부케,ブーケ,buke
1053,부피,大きさ,bupi
1054,분량,分量,bunryang
1055,분리,分離,bunri
1056,분리수거,分別収集,bunrisugeo
1057,분명하다,明らかだ、はっきりしている,bunmyeonghada
1058,분명히,明確に,bunmyeonghi
1059,분실,紛失,bunsil
1060,분실물,忘れ物,bunsilmul
1061,분홍색,ピンク色,bunhongsaek
1062,불가능,不可能,bulganeung
1063,불가능하다,不可能である,bulganeunghada
1064,불경기,不景気,bulgyeonggi
1065,불교,仏教,bulgyo
1066,불규칙,不規則,bulgyuchik
1067,불꽃놀이,花火遊び、花火見物,bulkkotnori
1068,불량,不良,bulryang
1069,불만,不満,bulman
1070,불면증,不眠症,bulmyeonjeung
1071,불법,不法、違法,bulbeop
1072,불빛,炎、あかり,bulbit
1073,불쌍하다,哀れだ,bulssanghada
1074,불안,不安,buran
1075,불안감,不安感,burangam
1076,불어나다,増える、増す,bureonada
1077,불친절,不親切,bulchinjeol
1078,불태우다,燃やす,bultaeuda
1079,불편,不便,bulpyeon
1080,불평,不平,bulpyeong
1081,불필요,不要、不必要,bulpiryo
1082,불행,不幸,bulhaeng
1083,붉다,赤い,bukda
1084,붐비다,込み合う,bumbida
1085,붕어빵,たい焼き,bungeoppang
1086,붙잡다,捕まえる,butjapda
1087,붙잡히다,捕まる,butjaphida
1088,뷔페,ビュッフェ,bwipe
1089,브랜드,ブランド,beuraendeu
1090,브레이크,ブレーキ,beureikeu
1091,블라인드,ブラインド,beulraindeu
1092,블로그,ブログ,beulrogeu
1093,비교,比較,bigyo
1094,비교적,比較的,bigyojeok
1095,비닐,ビニール,binil
1096,비다,空いている,bida
1097,비디오카메라,ビデオカメラ,bidiokamera
1098,비록,たとえ～でも,birok
1099,비만,肥満,biman
1100,비바람,雨風,bibaram
1101,비비다,こする、揉む、混ぜる,bibida
1102,비빔냉면,ビビン冷麺,bibimnaengmyeon
1103,비상약,常備薬、非常用の薬,bisangyak
1104,비용,費用,biyong
1105,비우다,空にする、空ける,biuda
1106,비자,ビザ,bija
1107,비추다,照らす,bichuda
1108,비타민,ビタミン,bitamin
1109,비하다,比べる,bihada
1110,빗길,雨の道,bitgil
1111,빚,借金,bit
1112,빛,光,bit
1113,빠뜨리다,落とす,ppatteurida
1114,빠지다,落ちる、抜ける,ppajida
1115,빠짐없이,もれなく、抜かりなく,ppajimeopsi
1116,빨개지다,赤くなる,ppalgaejida
1117,빼앗기다,奪われる,ppaeatgida
1118,빼앗다,奪う,ppaeatda
1119,뺨,頬,ppyam
1120,뻔하다,確かだ、自明だ,ppeonhada
1121,뻗다,伸びる,ppeotda
1122,뽑다,抜く、選ぶ,ppopda
1123,뿌리,根,ppuri
1124,뿌리다,振りまく,ppurida
1125,사건,事件,sageon
1126,사고방식,考え方,sagobangsik
1127,사교적,社交的,sagyojeok
1128,사귀다,付き合う、交わる,sagwida
1129,사라지다,消える,sarajida
1130,사로잡다,捕える,sarojapda
1131,사막,砂漠,samak
1132,사망,死亡,samang
1133,사망자,死亡者、死者,samangja
1134,사모님,奥様,samonim
1135,사무소,事務所,samuso
1136,사생활,私生活、プライベート,sasaenghwal
1137,사슴,鹿,saseum
1138,사실,事実,sasil
1139,사업,事業,saeop
1140,사용료,使用料,sayongryo
1141,사용법,使用法,sayongbeop
1142,사우나,サウナ,sauna
1143,사은품,景品、おまけ,saeunpum
1144,사이버,サイバー,saibeo
1145,사이좋다,仲が良い,saijota
1146,사이트,サイト,saiteu
1147,사정,事情,sajeong
1148,사진관,写真館,sajingwan
1149,사진첩,写真アルバム,sajincheop
1150,사춘기,思春期,sachungi
1151,사투리,訛り、方言,saturi
1152,사표,辞表,sapyo
1153,사회,社会,sahoe
1154,사회생활,社会生活,sahoesaenghwal
1155,사회자,司会者,sahoeja
1156,사회적,社会的,sahoejeok
1157,산꼭대기,山頂,sankkokdaegi
1158,산더미,山積み、山盛り,sandeomi
1159,산부인과,産婦人科,sanbuingwa
1160,산불,山火事,sanbul
1161,산업,産業,saneop
1162,산책로,散策路,sanchaekro
1163,살리다,生かす,salrida
1164,살림,暮らし,salrim
1165,살아가다,生きていく,saragada
1166,살아나다,助かる,saranada
1167,살아남다,生き延びる,saranamda
1168,살아오다,生きてくる,saraoda
1169,살인,殺人,sarin
1170,살짝,こっそり、そっと、静かに,saljjak
1171,살찌다,太る、肉が付く,saljjida
1172,살펴보다,探る、観察する、注意してみる,salpyeoboda
1173,살피다,調べる、探る,salpida
1174,삶,暮し、人生、生,sam
1175,삶다,ゆでる,samda
1176,삼겹살,サムギョプサル,samgyeopsal
1177,삼일절,3.1節,samiljeol
1178,삼키다,飲み込む,samkida
1179,상,相,sang
1180,상가,商店街,sangga
1181,상관없다,気にしない,sanggwaneopda
1182,상관없이,関係なく,sanggwaneopsi
1183,상금,賞金,sanggeum
1184,상담,相談,sangdam
1185,상담실,相談室,sangdamsil
1186,상담원,エージェント、相談員,sangdamwon
1187,상담자,相談者,sangdamja
1188,상당히,かなり,sangdanghi
1189,상대,相手,sangdae
1190,상대방,相手,sangdaebang
1191,상대편,相手方,sangdaepyeon
1192,상상,想像,sangsang
1193,상상력,想像力,sangsangryeok
1194,상승,上昇,sangseung
1195,상식,常識,sangsik
1196,상업,商業,sangeop
1197,상업적,商業的,sangeopjeok
1198,상인,商人,sangin
1199,상점,商店,sangjeom
1200,상징,象徴,sangjing
1201,상쾌하다,さわやかだ、爽快だ,sangkwaehada
1202,상태,状態,sangtae
1203,상표,商標、ラベル,sangpyo
1204,상품권,商品券,sangpumgwon
1205,상하다,傷む、（食べ物などが）腐る,sanghada
1206,상황,状況,sanghwang
1207,새다,夜が明ける、夜明かしをする,saeda
1208,새롭다,新しい,saeropda
1209,새어머니,継母,saeeomeoni
1210,새우다,夜を明かす,saeuda
1211,새치기,割り込み,saechigi
1212,새해,新年,saehae
1213,색다르다,風変りだ,saekdareuda
1214,색상,色相,saeksang
1215,생각나다,思い出す,saenggaknada
1216,생강차,生姜茶,saenggangcha
1217,생겨나다,生じる,saenggyeonada
1218,생김새,見かけ,saenggimsae
1219,생략,省略,saengryak
1220,생머리,ストレート,saengmeori
1221,생명,命,saengmyeong
1222,생산,生産,saengsan
1223,생생하다,新鮮だ、生々しい,saengsaenghada
1224,생중계,生放送,saengjunggye
1225,생필품,生活必需品,saengpilpum
1226,생활비,生活費,saenghwalbi
1227,생활수준,生活水準,saenghwalsujun
1228,서너,三・四,seoneo
1229,서두르다,急ぐ、焦る,seodureuda
1230,서랍,引き出し,seorap
1231,서론,序論,seoron
1232,서명,署名,seomyeong
1233,서부,西部,seobu
1234,서빙,サービング,seobing
1235,서서히,徐々に,seoseohi
1236,서운하다,名残惜しい,seounhada
1237,서투르다,下手だ,seotureuda
1238,석사,修士,seoksa
1239,석식,夕食,seoksik
1240,석유,石油,seogyu
1241,석탄,石炭,seoktan
1242,섞다,混ぜる,seokda
1243,선,線,seon
1244,선글라스,サングラス,seongeulraseu
1245,선선하다,涼しい,seonseonhada
1246,선진국,先進国,seonjinguk
1247,선착순,先着順,seonchaksun
1248,설,説,seol
1249,설득,説得,seoldeuk
1250,설마,まさか,seolma
1251,설명서,マニュアル、説明書,seolmyeongseo
1252,설문조사,アンケート,seolmunjosa
1253,설문지,アンケート,seolmunji
1254,설사,例え、下痢,seolsa
1255,섭섭하다,名残惜しい、寂しい,seopseophada
1256,성공,成功,seonggong
1257,성능,性能,seongneung
1258,성당,聖堂,seongdang
1259,성명,声明,seongmyeong
1260,성별,性別,seongbyeol
1261,성실,誠実,seongsil
1262,성인,成人,seongin
1263,성인병,成人病,seonginbyeong
1264,성적,成績,seongjeok
1265,성적표,成績表,seongjeokpyo
1266,성형,整形,seonghyeong
1267,세계적,世界的,segyejeok
1268,세금,税金,segeum
1269,세기,世紀,segi
1270,세다,数える,seda
1271,세대,世代,sedae
1272,세련,洗練,seryeon
1273,세면대,洗面台,semyeondae
1274,세면도구,洗面道具,semyeondogu
1275,세미나,セミナー,semina
1276,세배,トリプル、3倍,sebae
1277,세뱃돈,お年玉,sebaetdon
1278,세상,世界,sesang
1279,세월,歳月,sewol
1280,세제,洗剤,seje
1281,세탁물,洗濯物,setakmul
1282,셔츠,シャツ,syeocheu
1283,셔틀버스,シャトルバス,syeoteulbeoseu
1284,소감,所感、感想,sogam
1285,소개팅,合コン,sogaeting
1286,소규모,小規模,sogyumo
1287,소극장,小劇場,sogeukjang
1288,소극적,消極的,sogeukjeok
1289,소나기,夕立,sonagi
1290,소년,少年,sonyeon
1291,소득,所得,sodeuk
1292,소망,希望,somang
1293,소매,袖,somae
1294,소매치기,すり,somaechigi
1295,소문,うわさ、評判,somun
1296,소방관,消防官,sobanggwan
1297,소방서,消防署,sobangseo
1298,소방차,消防車,sobangcha
1299,소비,消費,sobi
1300,소비자,消費者,sobija
1301,소설책,小説,soseolchaek
1302,소수,少数,sosu
1303,소스,ソース,soseu
1304,소심하다,小心である,sosimhada
1305,소용,使い道,soyong
1306,소용없다,無駄だ、役に立たない,soyongeopda
1307,소원,念願、願い,sowon
1308,소음,騒音,soeum
1309,소주,焼酎,soju
1310,소중하다,大事だ,sojunghada
1311,소중히,大切に,sojunghi
1312,소화,消化,sohwa
1313,속다,だまされる,sokda
1314,속담,ことわざ,sokdam
1315,속도,速度,sokdo
1316,속도위반,速度違反,sokdowiban
1317,속력,スピード、速力,sokryeok
1318,속상하다,しゃくにさわる、気に障る,soksanghada
1319,속옷,下着,sogot
1320,속이다,あざむく、だます,sogida
1321,손바닥,手のひら,sonbadak
1322,손발,手足,sonbal
1323,손쉽다,たやすい,sonswipda
1324,손자,男の孫,sonja
1325,손잡이,手すり、取っ手,sonjabi
1326,손질,手入れ,sonjil
1327,솔직하다,率直である,soljikhada
1328,솔직히,率直に言って,soljikhi
1329,솜씨,手並み、手際,somssi
1330,송금,送金,songgeum
1331,쇠,鉄、金物、錠,soe
1332,쇠고기,牛肉,soegogi
1333,쇼,ショー,syo
1334,쇼핑몰,ショッピングモール,syopingmol
1335,쇼핑백,ショッピングバッグ,syopingbaek
1336,쇼핑센터,ショッピングセンター,syopingsenteo
1337,수거,回収,sugeo
1338,수고,苦労,sugo
1339,수단,手段,sudan
1340,수도꼭지,水道の蛇口,sudokkokji
1341,수량,数量,suryang
1342,수료식,修了式,suryosik
1343,수리,受理、修理,suri
1344,수리비,修理費,suribi
1345,수면,睡眠,sumyeon
1346,수면제,睡眠薬,sumyeonje
1347,수명,寿命,sumyeong
1348,수산물,水産物,susanmul
1349,수상,首相,susang
1350,수선,修繕,suseon
1351,수선하다,修理する、修繕する,suseonhada
1352,수수료,手数料,susuryo
1353,수입,収入、輸入,suip
1354,수정,修正、水晶,sujeong
1355,수준,レベル,sujun
1356,수집,収集、コレクション,sujip
1357,수출,輸出,suchul
1358,수표,小切手,supyo
1359,수학여행,修学旅行,suhagyeohaeng
1360,숙녀복,婦人服,suknyeobok
1361,숙박,宿泊,sukbak
1362,숙박비,宿泊費,sukbakbi
1363,숙소,宿,sukso
1364,숙이다,下げる、うなだれる,sugida
1365,순간,瞬間,sungan
1366,순두부찌개,スンドゥブチゲ,sundubujjigae
1367,술자리,飲み会,suljari
1368,술잔,盃,suljan
1369,술집,バー,suljip
1370,숨기다,隠す,sumgida
1371,숨다,隠れる,sumda
1372,숫자,数字,sutja
1373,숲,森、林,sup
1374,스님,お坊さん,seunim
1375,스스로,自ら、自分で、自然と,seuseuro
1376,스캐너,スキャナー,seukaeneo
1377,스타일,スタイル,seutail
1378,스티커,シール、ステッカー,seutikeo
1379,스프,スープ,seupeu
1380,스피커,スピーカー,seupikeo
1381,슬리퍼,スリッパ,seulripeo
1382,슬픔,悲しみ,seulpeum
1383,습기,湿気,seupgi
1384,습도,湿度,seupdo
1385,승강기,エレベーター,seungganggi
1386,승객,乗客,seunggaek
1387,승리,勝利,seungri
1388,승용차,乗用車,seungyongcha
1389,승진,昇進,seungjin
1390,승차,乗車,seungcha
1391,시각,視覚,sigak
1392,시대,時代,sidae
1393,시도,試み,sido
1394,시력,視力,siryeok
1395,시리다,ひりひりする、しびれるほど冷たい,sirida
1396,시부모님,義理の両親,sibumonim
1397,시스템,システム,siseutem
1398,시아버지,舅、夫の父,siabeoji
1399,시어머니,姑、夫の母,sieomeoni
1400,시외버스,市外バス,sioebeoseu
1401,시인,詩人,siin
1402,시집,詩集、嫁入り先,sijip
1403,시집가다,嫁に行く、（女性が）結婚する,sijipgada
1404,시청각실,視聴覚室,sicheonggaksil
1405,시청자,視聴者,sicheongja
1406,시합,試合,sihap
1407,시험공부,試験勉強,siheomgongbu
1408,식,式、やり方、方法,sik
1409,식구,家族,sikgu
1410,식료품,食料品,sikryopum
1411,식물,植物,sikmul
1412,식물원,植物園,sikmurwon
1413,식비,食費,sikbi
1414,식생활,食生活,siksaenghwal
1415,식습관,食習慣,sikseupgwan
1416,식욕,食欲,sigyok
1417,식용유,食用油,sigyongyu
1418,식초,酢,sikcho
1419,식품,食品,sikpum
1420,식후,食後,sikhu
1421,신고,通報,singo
1422,신기다,履かせる,singida
1423,신기술,新技術,singisul
1424,신기하다,不思議だ、珍しい,singihada
1425,신나다,浮かれる、興がのる,sinnada
1426,신도시,新都市,sindosi
1427,신랑,新郎,sinrang
1428,신랑감,新郎候補,sinranggam
1429,신문사,新聞社,sinmunsa
1430,신문지,新聞紙,sinmunji
1431,신부,神父、新婦,sinbu
1432,신분증,身分証明書,sinbunjeung
1433,신상품,新商品,sinsangpum
1434,신선하다,新鮮だ,sinseonhada
1435,신세대,新世代,sinsedae
1436,신용,信用,sinyong
1437,신입생,新入生,sinipsaeng
1438,신제품,新製品,sinjepum
1439,신청자,申請者,sincheongja
1440,신체,身体、体,sinche
1441,신형,新型,sinhyeong
1442,신호,信号,sinho
1443,신혼,新婚,sinhon
1444,신혼부부,新婚夫婦,sinhonbubu
1445,신혼여행,新婚旅行,sinhonyeohaeng
1446,싣다,乗せる、積む,sitda
1447,실,糸,sil
1448,실내,室内,silnae
1449,실력,実力,silryeok
1450,실망,失望,silmang
1451,실시,実施,silsi
1452,실용적,実用的,siryongjeok
1453,실은,実は,sireun
1454,실제,実際,silje
1455,실제로,実際に,siljero
1456,실종,失踪,siljong
1457,실종자,失踪者、行方不明者,siljongja
1458,실천,実践,silcheon
1459,실컷,思う存分、飽きるほど,silkeot
1460,실크,シルク,silkeu
1461,실패,失敗,silpae
1462,실험,実験,silheom
1463,실험실,実験室,silheomsil
1464,싫증,飽き,silcheung
1465,심각하다,深刻だ,simgakhada
1466,심다,植える,simda
1467,심리학,心理学,simrihak
1468,심리학자,心理学者,simrihakja
1469,심부름,お使い,simbureum
1470,심심하다,退屈だ,simsimhada
1471,심장,心臓,simjang
1472,심장병,心臓病,simjangbyeong
1473,싱싱하다,みずみずしい、生き生きしている,singsinghada
1474,싱크대,シンク台,singkeudae
1475,싸구려,安物,ssaguryeo
1476,싸움,喧嘩,ssaum
1477,쌀쌀하다,肌寒い,ssalssalhada
1478,쌍둥이,双子,ssangdungi
1479,쌓다,積む、築く,ssata
1480,쏘다,射る、撃つ,ssoda
1481,쏟다,こぼす,ssotda
1482,쏟아지다,降り注ぐ、こぼれる、あふれる,ssodajida
1483,쑥스럽다,照れくさい,ssukseureopda
1484,쓰러지다,倒れる、床につく、滅びる,sseureojida
1485,쓰레기통,ごみ箱,sseuregitong
1486,쓸데없다,無用だ、使い道がない,sseuldeeopda
1487,쓸데없이,やたら,sseuldeeopsi
1488,쓸쓸하다,わびしい,sseulsseulhada
1489,씌우다,かぶせる、覆う,ssuiuda
1490,씨름,シルム（朝鮮の相撲）,ssireum
1491,씩씩하다,りりしい、たくましい,ssikssikhada
1492,아깝다,もったいない、惜しい,akkapda
1493,아끼다,節約する、惜しむ,akkida
1494,아나운서,アナウンサー,anaunseo
1495,아니,いや,ani
1496,아동,児童,adong
1497,아랫사람,目下の人,araetsaram
1498,아르바이트,アルバイト,areubaiteu
1499,아리랑,アリラン,arirang
1500,아무것,何,amugeot
1501,아무래도,どうにも、いずれにしても,amuraedo
1502,아무런,いかなる、何の,amureon
1503,아무리,いくら（～しても）,amuri
1504,아무튼,とにかく,amuteun
1505,아쉬움,心残り,aswium
1506,아쉽다,物足りない、心残りだ、望ましい,aswipda
1507,아이디,ユーザー名、ID,aidi
1508,아이디어,アイデア,aidieo
1509,아침저녁,朝晩,achimjeonyeok
1510,아픔,痛み,apeum
1511,악몽,悪夢,akmong
1512,악수,握手,aksu
1513,안개,霧,angae
1514,안과,眼科,angwa
1515,안내문,案内文,annaemun
1516,안내서,案内書,annaeseo
1517,안내소,案内所,annaeso
1518,안되다,うまく行かない,andoeda
1519,안방,居間,anbang
1520,안부,安否,anbu
1521,안색,顔色,ansaek
1522,안심,安心,ansim
1523,안약,目薬,anyak
1524,안전선,安全線,anjeonseon
1525,안주,おつまみ,anju
1526,안쪽,内側、奥,anjjok
1527,안타깝다,気の毒だ、ふびんだ、もどかしい,antakkapda
1528,앉히다,座らせる,anhida
1529,알,卵、玉,al
1530,알레르기,アレルギー,alrereugi
1531,알아듣다,理解する,aradeutda
1532,알아보다,調べる、探る、見分ける、認める,araboda
1533,알아주다,認める,arajuda
1534,알약,錠剤,aryak
1535,알코올,アルコール,alkool
1536,암,がん,am
1537,앞날,将来,apnal
1538,앞두다,控える、前にする,apduda
1539,앞뒤,前後,apdwi
1540,앞머리,前髪,apmeori
1541,애기,赤ちゃん,aegi
1542,애완견,愛犬、ペットの犬,aewangyeon
1543,애완동물,ペット,aewandongmul
1544,애인,恋人,aein
1545,애정,愛情,aejeong
1546,애프터서비스,アフターサービス,aepeuteoseobiseu
1547,액자,額縁,aekja
1548,앨범,アルバム,aelbeom
1549,야간,夜間,yagan
1550,야경,夜景,yagyeong
1551,야근,残業、夜勤,yageun
1552,야단맞다,叱られる,yadanmatda
1553,야단치다,叱りつける,yadanchida
1554,야외,野外,yaoe
1555,야유회,ピクニック,yayuhoe
1556,약하다,弱い,yakhada
1557,약혼,婚約,yakhon
1558,약혼자,婚約者、フィアンセ,yakhonja
1559,얌전하다,おとなしい,yamjeonhada
1560,양념,薬味だれ,yangnyeom
1561,양로원,老人ホーム,yangrowon
1562,양반,ヤンバン(朝鮮時代の官僚),yangban
1563,양보,譲歩,yangbo
1564,양쪽,両方,yangjjok
1565,얘,この子,yae
1566,어기다,破る、違反する,eogida
1567,어느새,いつのまにか,eoneusae
1568,어떠하다,どういうふうだ,eotteohada
1569,어떡하다,どうする,eotteokhada
1570,어려움,困難,eoryeoum
1571,어린아이,子供,eorinai
1572,어린이날,子供の日,eorininal
1573,어버이날,母の日,eobeoinal
1574,어색하다,ぎこちない,eosaekhada
1575,어쨌든,とにかく、いずれにせよ,eojjaetdeun
1576,어쩌다가,偶然に、ときどき,eojjeodaga
1577,어쩌면,どうすれば、どうして,eojjeomyeon
1578,어쩐지,なんか、やっぱり,eojjeonji
1579,어차피,どうせ、どっちみち、結局,eochapi
1580,어학,語学,eohak
1581,어학연수,語学研修,eohagyeonsu
1582,어휘,語彙,eohwi
1583,억,億,eok
1584,억양,アクセント,eogyang
1585,억지로,無理やり,eokjiro
1586,언론,言論,eonron
1587,언론인,ジャーナリスト,eonronin
1588,언어,言語,eoneo
1589,언젠가,いつか,eonjenga
1590,얻다,得る,eotda
1591,얻어먹다,おごってもらう,eodeomeokda
1592,얼다,凍る,eolda
1593,얼룩,染み、汚れ,eolruk
1594,얼른,早く、すぐ、すばやく,eolreun
1595,엄격하다,厳しい、厳格だ,eomgyeokhada
1596,엄청나다,途方もない、とんでもない,eomcheongnada
1597,업무,業務,eopmu
1598,없애다,なくす、処分する,eopsaeda
1599,엉덩이,お尻,eongdeongi
1600,엉뚱하다,とんでもない、突拍子もない,eongttunghada
1601,엉망,めちゃくちゃ,eongmang
1602,엊그제,一昨日,eotgeuje
1603,에너지,エネルギー,eneoji
1604,에이즈,エイズ,eijeu
1605,엔진,エンジン,enjin
1606,엠티,メンバーシップトレーニング,emti
1607,여가,余暇,yeoga
1608,여고생,女子高生,yeogosaeng
1609,여관,旅館,yeogwan
1610,여드름,ニキビ,yeodeureum
1611,여럿,多数,yeoreot
1612,여름날,夏の日,yeoreumnal
1613,여성,女性,yeoseong
1614,여성복,女性服,yeoseongbok
1615,여유,余裕,yeoyu
1616,여전히,依然として、相変わらず,yeojeonhi
1617,여쭈다,（目上の人に）申し上げる、伺う,yeojjuda
1618,여행비,旅費,yeohaengbi
1619,여행자,旅行者,yeohaengja
1620,여행지,旅行先,yeohaengji
1621,역사적,歴史的,yeoksajeok
1622,역시,やはり、やっぱり,yeoksi
1623,역할,役割,yeokhal
1624,연결,連結,yeongyeol
1625,연구,研究,yeongu
1626,연구소,研究所,yeonguso
1627,연구실,研究室,yeongusil
1628,연극,演劇,yeongeuk
1629,연기,延期、演技,yeongi
1630,연도,年度,yeondo
1631,연락,連絡,yeonrak
1632,연말,年末,yeonmal
1633,연말연시,年末年始,yeonmaryeonsi
1634,연상,年上,yeonsang
1635,연속,連続,yeonsok
1636,연속극,連続ドラマ,yeonsokgeuk
1637,연수,研修,yeonsu
1638,연애,恋愛,yeonae
1639,연애결혼,恋愛結婚,yeonaegyeolhon
1640,연인,恋人,yeonin
1641,연장,延長,yeonjang
1642,연주,演奏,yeonju
1643,연주회,コンサート,yeonjuhoe
1644,연하,年下,yeonha
1645,연하다,軟らかい、薄い,yeonhada
1646,연회비,年会費,yeonhoebi
1647,열대야,熱帯夜,yeoldaeya
1648,열람실,閲覧室,yeolramsil
1649,열흘,十日,yeolheul
1650,염색,カラーリング、髪を染めること,yeomsaek
1651,엿,飴,yeot
1652,영수증,領収書,yeongsujeung
1653,영양,栄養,yeongyang
1654,영양가,栄養価,yeongyangga
1655,영양분,栄養分,yeongyangbun
1656,영양소,栄養素,yeongyangso
1657,영양제,栄養剤,yeongyangje
1658,영업,営業,yeongeop
1659,영업부,営業部,yeongeopbu
1660,영역,エリア,yeongyeok
1661,영원히,永遠に,yeongwonhi
1662,영향,影響,yeonghyang
1663,영화감독,映画監督,yeonghwagamdok
1664,영화제,映画祭,yeonghwaje
1665,옆집,隣の家,yeopjip
1666,예금,預金,yegeum
1667,예매,前売り、事前購入、予約,yemae
1668,예방,予防,yebang
1669,예보,予報,yebo
1670,예상,予想,yesang
1671,예술,芸術,yesul
1672,예습,予習,yeseup
1673,예식장,結婚式場,yesikjang
1674,예의,礼儀,yeui
1675,예전,昔、ずっと前,yejeon
1676,예절,礼節、行儀,yejeol
1677,예정,予定,yejeong
1678,예측,予測,yecheuk
1679,옛,昔,yet
1680,옛말,古語、昔話,yetmal
1681,오가다,行き来する,ogada
1682,오늘날,今日,oneulnal
1683,오락,娯楽,orak
1684,오래되다,古い、久しい、長い時間が経つ,oraedoeda
1685,오랜,長い間,oraen
1686,오르내리다,上がり下がりする,oreunaerida
1687,오른손,右手,oreunson
1688,오리엔테이션,オリエンテーション,orienteisyeon
1689,오염,汚染,oyeom
1690,오토바이,バイク,otobai
1691,오페라,オペラ,opera
1692,오피스텔,オフィステル,opiseutel
1693,오해,誤解,ohae
1694,오히려,むしろ,ohiryeo
1695,온,全～、すべての,on
1696,온갖,いろいろな種類の,ongat
1697,온도,温度,ondo
1698,온돌,オンドル（暖房装置）,ondol
1699,온돌방,オンドル部屋,ondolbang
1700,온라인,オンライン,onrain
1701,온몸,全身,onmom
1702,온천,温泉,oncheon
1703,온천욕,温泉浴,oncheonyok
1704,온통,すべて、全部,ontong
1705,올리다,上げる、載せる,olrida
1706,올림픽,オリンピック,olrimpik
1707,올바르다,正しい,olbareuda
1708,옳다,正しい,olta
1709,옷차림,身なり,otcharim
1710,와인,ワイン,wain
1711,완성,完成,wanseong
1712,완전히,完全に,wanjeonhi
1713,왕,王,wang
1714,왕복,往復,wangbok
1715,왕비,王妃,wangbi
1716,왠지,なぜだか,waenji
1717,외가,母方,oega
1718,외과,外科,oegwa
1719,외교관,外交官,oegyogwan
1720,외동딸,一人娘,oedongttal
1721,외동아들,一人息子,oedongadeul
1722,외래어,外来語,oeraeeo
1723,외로움,孤独,oeroum
1724,외모,外見,oemo
1725,외식,外食,oesik
1726,외아들,一人息子,oeadeul
1727,외우다,覚える,oeuda
1728,외치다,叫ぶ、わめく,oechida
1729,요가,ヨガ,yoga
1730,요구,要求,yogu
1731,요구르트,ヨーグルト,yogureuteu
1732,요리법,レシピ,yoribeop
1733,요리사,シェフ,yorisa
1734,요새,近頃、最近,yosae
1735,요약,要約,yoyak
1736,요청,要請,yocheong
1737,욕,悪口,yok
1738,욕실,風呂場,yoksil
1739,욕심,欲,yoksim
1740,욕심쟁이,欲ばり,yoksimjaengi
1741,용,竜,yong
1742,용기,勇気,yonggi
1743,용돈,小遣い,yongdon
1744,용서,容赦、許すこと,yongseo
1745,우등상,優等賞,udeungsang
1746,우리말,韓国語,urimal
1747,우물,井戸,umul
1748,우수성,優秀性,ususeong
1749,우승,優勝,useung
1750,우아하다,優雅だ,uahada
1751,우연,偶然,uyeon
1752,우연히,偶然に,uyeonhi
1753,우울증,うつ病,uuljeung
1754,우울하다,憂うつだ,uulhada
1755,우정,友情,ujeong
1756,우주,宇宙,uju
1757,우주여행,宇宙旅行,ujuyeohaeng
1758,우편,郵便,upyeon
1759,우편물,郵便物,upyeonmul
1760,우편배달,郵便配達,upyeonbaedal
1761,운,運,un
1762,운명,運命,unmyeong
1763,운전기사,運転手,unjeongisa
1764,운전면허,運転免許証,unjeonmyeonheo
1765,운전자,ドライバー,unjeonja
1766,울보,泣き虫,ulbo
1767,울음,泣くこと,ureum
1768,웃어른,目上の人,useoreun
1769,웃음,笑い,useum
1770,워낙,あまりにも、何しろ,wonak
1771,원고,原稿,wongo
1772,원래,元々,wonrae
1773,원룸,ワンルーム,wonrum
1774,원리,原理,wonri
1775,원서,願書,wonseo
1776,원숭이,サル,wonsungi
1777,원인,原因,wonin
1778,월말,月末,wolmal
1779,웨딩드레스,ウェディングドレス,wedingdeureseu
1780,위대하다,偉大だ,widaehada
1781,위로,慰労,wiro
1782,위반,違反,wiban
1783,윗사람,目上の人,witsaram
1784,유난히,ひときわ、際立って、とりわけ,yunanhi
1785,유니폼,ユニフォーム,yunipom
1786,유람선,遊覧船,yuramseon
1787,유료,有料,yuryo
1788,유리창,窓ガラス,yurichang
1789,유머,ユーモア,yumeo
1790,유명,有名,yumyeong
1791,유적지,遺跡地,yujeokji
1792,유창하다,流暢だ,yuchanghada
1793,유치원,幼稚園,yuchiwon
1794,유쾌하다,愉快だ,yukwaehada
1795,유행어,流行語,yuhaengeo
1796,육식,肉食,yuksik
1797,육아,育児,yuga
1798,윷놀이,韓国のすごろく,yutnori
1799,은,銀,eun
1800,은혜,恩恵、恵み,eunhye
1801,음력,陰暦,eumryeok
1802,음료,飲料、飲み物,eumryo
1803,음성,音声,eumseong
1804,음식물,食べ物、飲食物,eumsikmul
1805,음식점,レストラン、食堂,eumsikjeom
1806,음악회,音楽会,eumakhoe
1807,음주,飲酒,eumju
1808,응급실,応急室,eunggeupsil
1809,응답,応答、回答,eungdap
1810,응답자,回答者、応答者,eungdapja
1811,응시자,受験者,eungsija
1812,응원,応援,eungwon
1813,의견,意見,uigyeon
1814,의논,相談、議論,uinon
1815,의류,衣類,uiryu
1816,의무,義務,uimu
1817,의문,疑問,uimun
1818,의사소통,意思疎通,uisasotong
1819,의상,衣装,uisang
1820,의식주,衣食住,uisikju
1821,의심,疑心、疑い,uisim
1822,의외로,意外に,uioero
1823,의욕,意欲,uiyok
1824,의의,意義,uiui
1825,의지,意志,uiji
1826,의하다,依る、基づく,uihada
1827,의학,医学,uihak
1828,의학적,医学的,uihakjeok
1829,이것저것,あれこれ,igeotjeogeot
1830,이국적,異国的,igukjeok
1831,이기다,勝つ,igida
1832,이기적,利己的,igijeok
1833,이끌다,引く、導く,ikkeulda
1834,이내,すぐ,inae
1835,이다 ～,だ、である,ida ～
1836,이동,移動,idong
1837,이따,のちほど,itta
1838,이때,この時,ittae
1839,이러하다,こうだ,ireohada
1840,이런저런,あれこれ,ireonjeoreon
1841,이루다,成す、作り上げる,iruda
1842,이루어지다,構成される、形成される,irueojida
1843,이름나다,有名になる,ireumnada
1844,이름표,ネームタグ,ireumpyo
1845,이리,こちらへ,iri
1846,이리저리,あっちこっち,irijeori
1847,이마,額,ima
1848,이만,これぐらいの、この程度の,iman
1849,이만큼,これくらい,imankeum
1850,이미,すでに,imi
1851,이미지,画像、イメージ,imiji
1852,이민,移民,imin
1853,이별,別れ,ibyeol
1854,이불,布団,ibul
1855,이비인후과,耳鼻咽喉科,ibiinhugwa
1856,이삿짐,引っ越しの荷物,isatjim
1857,이상형,好きなタイプ、理想のタイプ、理想の人,isanghyeong
1858,이성,理性,iseong
1859,이어지다,相次ぐ、続く、繋がる,ieojida
1860,이어폰,イヤホン,ieopon
1861,이외,以外,ioe
1862,이용료,利用料,iyongryo
1863,이용자,利用者,iyongja
1864,이웃,隣、隣の家,iut
1865,이웃집,お隣,iutjip
1866,이익,利益,iik
1867,이자,利子,ija
1868,이전,以前,ijeon
1869,이제야,今やっと,ijeya
1870,이하,以下,iha
1871,이해력,理解力,ihaeryeok
1872,이해심,思いやり,ihaesim
1873,이혼,離婚,ihon
1874,이후,以後,ihu
1875,익숙하다,よく知られている、慣れている,iksukhada
1876,익히다,煮る、身につける、習う,ikhida
1877,인간,人間,ingan
1878,인간관계,人間関係,ingangwangye
1879,인간성,人間性,inganseong
1880,인간적,人間的,inganjeok
1881,인류,人類,inryu
1882,인사말,ご挨拶,insamal
1883,인상적,印象的,insangjeok
1884,인생,人生,insaeng
1885,인쇄,印刷,inswae
1886,인쇄물,印刷物,inswaemul
1887,인스턴트,インスタント,inseuteonteu
1888,인원,人員,inwon
1889,인정받다,認定されている、認められる,injeongbatda
1890,인출기,ATM,inchulgi
1891,인턴사원,インターン,inteonsawon
1892,인하다,基づく、原因による,inhada
1893,일기장,日記帳,ilgijang
1894,일단,まず、一旦,ildan
1895,일등,一等,ildeung
1896,일반,一般,ilban
1897,일반인,一般人,ilbanin
1898,일반적,一般的,ilbanjeok
1899,일부,一部,ilbu
1900,일부러,わざと、わざわざ,ilbureo
1901,일상,日常,ilsang
1902,일상적,日常的,ilsangjeok
1903,일생,一生,ilsaeng
1904,일시,一時,ilsi
1905,일시불,一括払い,ilsibul
1906,일으키다,起こす、興す,ireukida
1907,일자리,働き口、職場,iljari
1908,일정,日程,iljeong
1909,일정하다,一定だ,iljeonghada
1910,일출,日の出,ilchul
1911,일회용품,使い捨て,ilhoeyongpum
1912,읽히다,読まれる,ikhida
1913,임산부,妊婦,imsanbu
1914,임시,臨時,imsi
1915,임신,妊娠,imsin
1916,입금,入金,ipgeum
1917,입맛,食欲,ipmat
1918,입술,唇,ipsul
1919,입시,入試、入学試験,ipsi
1920,입장,入場,ipjang
1921,입장권,入場券,ipjanggwon
1922,입장료,入場料,ipjangryo
1923,입학시험,入学試験,iphaksiheom
1924,입히다,着せる,iphida
1925,잇다,繋ぐ、結ぶ、続ける,itda
1926,잎,葉,ip
1927,자격,資格,jagyeok
1928,자격증,資格証,jagyeokjeung
1929,자극적,刺激的,jageukjeok
1930,자꾸,しきりに,jakku
1931,자녀,子女,janyeo
1932,자동,自動,jadong
1933,자라다,成長する,jarada
1934,자랑,自慢,jarang
1935,자료실,アーカイブ、資料室,jaryosil
1936,자막,字幕,jamak
1937,자매,姉妹,jamae
1938,자살,自殺,jasal
1939,자세하다,詳しい、細かい,jasehada
1940,자세히,詳しく,jasehi
1941,자식,息子や娘、子息,jasik
1942,자신감,自信、自信感,jasingam
1943,자연적,自然的,jayeonjeok
1944,자외선,紫外線,jaoeseon
1945,자원,資源,jawon
1946,자음,子音,jaeum
1947,자존심,自尊心、プライド,jajonsim
1948,자취,自炊,jachwi
1949,자판기,自販機,japangi
1950,작가,作家,jakga
1951,작곡,作曲,jakgok
1952,작문,作文,jakmun
1953,작사,作詞,jaksa
1954,작아지다,小さくなる,jagajida
1955,작업,作業,jageop
1956,작품,作品,jakpum
1957,잔돈,小銭,jandon
1958,잔디,芝生,jandi
1959,잔디밭,芝生,jandibat
1960,잔뜩,いっぱい,jantteuk
1961,잔소리,小言,jansori
1962,잔액,残額,janaek
1963,잠그다,（鍵を）かける,jamgeuda
1964,잠기다,掛かる、浸かる,jamgida
1965,잠들다,眠る,jamdeulda
1966,잠옷,パジャマ、寝間着,jamot
1967,잠자리,トンボ,jamjari
1968,잡수다,召し上がる,japsuda
1969,잡아먹다,捕って食べる,jabameokda
1970,잡채,チャプチェ,japchae
1971,잡히다,捕まる,japhida
1972,장가,男が結婚すること,jangga
1973,장가가다 (,男性が)結婚する,janggagada (
1974,장기적,長期的,janggijeok
1975,장난,いたずら、わるふざけ,jangnan
1976,장난감,おもちゃ,jangnangam
1977,장난꾸러기,いたずらっ子,jangnankkureogi
1978,장남,長男,jangnam
1979,장녀,長女,jangnyeo
1980,장단점,長所と短所、一長一短、メリットとデメリット,jangdanjeom
1981,장래,将来,jangrae
1982,장례식,葬式,jangryesik
1983,장례식장,葬儀場,jangryesikjang
1984,장바구니,買い物かご,jangbaguni
1985,장사,商売,jangsa
1986,장애,障害,jangae
1987,장애인,障害者,jangaein
1988,장학,奨学,janghak
1989,장학금,奨学金,janghakgeum
1990,재발급,再発給,jaebalgeup
1991,재산,財産,jaesan
1992,재작년,一昨年,jaejaknyeon
1993,재주,才能、素質,jaeju
1994,재즈,ジャズ,jaejeu
1995,재테크,財テク,jaetekeu
1996,재학,在学,jaehak
1997,재해,災害,jaehae
1998,재혼,再婚,jaehon
1999,재활용,リサイクル,jaehwaryong
2000,재활용품,リサイクル用品,jaehwaryongpum
2001,쟤,あの子,jyae
2002,저금,貯金,jeogeum
2003,저금통,貯金箱,jeogeumtong
2004,저렴하다,安い,jeoryeomhada
2005,저울,秤（はかり）,jeoul
2006,저장,貯蔵、保存,jeojang
2007,저절로,自然に、自ずと,jeojeolro
2008,저축,貯蓄,jeochuk
2009,적극적,積極的,jeokgeukjeok
2010,적금,積み立て、積立預金,jeokgeum
2011,적당하다,適当だ、丁度良い,jeokdanghada
2012,적당히,適当に,jeokdanghi
2013,적성,適正,jeokseong
2014,적어도,少なくとも,jeogeodo
2015,적어지다,少なくなる,jeogeojida
2016,적응,適応,jeogeung
2017,적절하다,適切だ,jeokjeolhada
2018,전구,電球,jeongu
2019,전국,全国,jeonguk
2020,전국적,全国的,jeongukjeok
2021,전기,電気,jeongi
2022,전날,前の日,jeonnal
2023,전달,伝達,jeondal
2024,전동차,電車,jeondongcha
2025,전등,電灯,jeondeung
2026,전망,展望,jeonmang
2027,전문가,専門家,jeonmunga
2028,전문적,専門的,jeonmunjeok
2029,전문점,専門店,jeonmunjeom
2030,전반전,前半戦,jeonbanjeon
2031,전부,全部,jeonbu
2032,전산실,電算室,jeonsansil
2033,전세,保証金制度,jeonse
2034,전셋집,借家,jeonsetjip
2035,전시,展示,jeonsi
2036,전시회,展示会,jeonsihoe
2037,전원,電源,jeonwon
2038,전자,電子,jeonja
2039,전자레인지,電子レンジ,jeonjareinji
2040,전쟁,戦争,jeonjaeng
2041,전철,地下鉄、電車,jeoncheol
2042,전체,全体,jeonche
2043,전체적,全体的,jeonchejeok
2044,전통,伝統,jeontong
2045,전통문화,伝統文化,jeontongmunhwa
2046,전통적,伝統的,jeontongjeok
2047,전화벨,電話のベル,jeonhwabel
2048,절대로,絶対に,jeoldaero
2049,절반,半分、折半,jeolban
2050,절약,節約,jeoryak
2051,젊은이,若者,jeolmeuni
2052,젊음,若さ,jeolmeum
2053,점잖다,礼儀正しい、温厚だ,jeomjanta
2054,점점,だんだんと、徐々に,jeomjeom
2055,점차,徐々に,jeomcha
2056,접다,折る、畳む,jeopda
2057,접수,受付,jeopsu
2058,접하다,接する,jeophada
2059,정,情,jeong
2060,정기적,定期的,jeonggijeok
2061,정답,正解,jeongdap
2062,정말로,本当に,jeongmalro
2063,정보화,情報化,jeongbohwa
2064,정부,政府,jeongbu
2065,정상,正常,jeongsang
2066,정상적,正常的,jeongsangjeok
2067,정성,誠意、真心,jeongseong
2068,정성껏,心をこめて,jeongseongkkeot
2069,정신,精神,jeongsin
2070,정신없다,忙しくて気が抜ける,jeongsineopda
2071,정신없이,我を忘れて、無我夢中で,jeongsineopsi
2072,정신적,精神的,jeongsinjeok
2073,정의,正義,jeongui
2074,정장,フォーマル服、スーツ,jeongjang
2075,정전,停電,jeongjeon
2076,정지,停止,jeongji
2077,정직하다,正直だ,jeongjikhada
2078,정차,停車,jeongcha
2079,정체,正体,jeongche
2080,정치,政治,jeongchi
2081,정치가,政治家,jeongchiga
2082,정치인,政治家,jeongchiin
2083,정치학,政治学,jeongchihak
2084,정확하다,正確だ,jeonghwakhada
2085,정확히,正確に,jeonghwakhi
2086,젖다,浸る（ひたる）、ぬれる,jeotda
2087,제공,提供,jegong
2088,제대로,きちんと、満足に,jedaero
2089,제도,制度,jedo
2090,제때,適時、定時,jettae
2091,제발,どうか、頼むから,jebal
2092,제비,くじ、抽選、燕,jebi
2093,제사,法事、祭祀,jesa
2094,제시간,定時,jesigan
2095,제안,提案,jean
2096,제자,弟子,jeja
2097,제자리,もとの場所、自分の位置,jejari
2098,제작,製作,jejak
2099,제출,提出,jechul
2100,제품,製品,jepum
2101,제한,制限,jehan
2102,조개,貝,jogae
2103,조건,条件,jogeon
2104,조교,助手,jogyo
2105,조깅,ジョギング,joging
2106,조르다,せがむ、締める,joreuda
2107,조리,調理,jori
2108,조리법,調理法,joribeop
2109,조림,煮つけ、煮物,jorim
2110,조만간,遅かれ早かれ,jomangan
2111,조명,照明,jomyeong
2112,조미료,調味料,jomiryo
2113,조상,先祖,josang
2114,조심,用心すること,josim
2115,조절,調節,jojeol
2116,족발,豚足,jokbal
2117,존경,尊敬,jongyeong
2118,졸다,居眠りする,jolda
2119,졸리다,眠い,jolrida
2120,졸업식,卒業式,joreopsik
2121,졸음,眠気,joreum
2122,좀처럼,なかなか～しない,jomcheoreom
2123,좁히다,狭める,jophida
2124,종교,宗教,jonggyo
2125,종이컵,紙コップ,jongikeop
2126,종종,ときどき、しばしば,jongjong
2127,종합,総合,jonghap
2128,좌석,座席,jwaseok
2129,좌우,左右,jwau
2130,좌회전,左折,jwahoejeon
2131,주거,住居,jugeo
2132,주고받다,やり取りする,jugobatda
2133,주년 ～,周年,junyeon ～
2134,주름,しわ,jureum
2135,주먹,こぶし、げんこつ,jumeok
2136,주문서,注文書,jumunseo
2137,주민,住民,jumin
2138,주방,厨房、キッチン,jubang
2139,주식회사,株式会社,jusikhoesa
2140,주어지다,与えられる,jueojida
2141,주유소,ガソリンスタンド、給油所,juyuso
2142,주의,注意,juui
2143,주인공,主人公,juingong
2144,주장,主張,jujang
2145,주제,主題、テーマ,juje
2146,주택,住宅,jutaek
2147,주택가,住宅街,jutaekga
2148,죽음,死,jugeum
2149,죽이다,殺す、かっこいい、すごい,jugida
2150,준비물,持ち物,junbimul
2151,줄거리,ストーリー、あらすじ,julgeori
2152,줄무늬,縞模様(しまもよう),julmunui
2153,줄어들다,減る,jureodeulda
2154,줄이다,減らす、縮める,jurida
2155,줍다,拾う,jupda
2156,중간,中間,junggan
2157,중개소,仲介所,junggaeso
2158,중고,中古,junggo
2159,중고차,中古車,junggocha
2160,중고품,中古品,junggopum
2161,중급,中級,junggeup
2162,중단,中断,jungdan
2163,중부,中部,jungbu
2164,중소기업,中小企業,jungsogieop
2165,중심지,中心地,jungsimji
2166,중앙,中央,jungang
2167,중요성,重要性,jungyoseong
2168,쥐,ネズミ,jwi
2169,즉,すなわち、つまり,jeuk
2170,즐거움,楽しみ,jeulgeoum
2171,증가,増加,jeungga
2172,증명서,証明書,jeungmyeongseo
2173,증상,症状,jeungsang
2174,지겹다,うんざりする、飽きる,jigyeopda
2175,지구,地球,jigu
2176,지나가다,通り過ぎる,jinagada
2177,지나치다,度が過ぎる,jinachida
2178,지난해,去年,jinanhae
2179,지루하다,飽き飽きする,jiruhada
2180,지붕,屋根,jibung
2181,지식,知識,jisik
2182,지역,地域,jiyeok
2183,지옥,地獄,jiok
2184,지우다,なくす、消す、落とす,jiuda
2185,지원,サポート,jiwon
2186,지원자,支援者,jiwonja
2187,지위,地位,jiwi
2188,지저분하다,汚らしい、散らかっている,jijeobunhada
2189,지점,地点、支店,jijeom
2190,지진,地震,jijin
2191,지출,支出,jichul
2192,지치다,疲れる、くたびれる,jichida
2193,지켜보다,見守る、世話する,jikyeoboda
2194,지퍼,ファスナー,jipeo
2195,지휘자,指揮者,jihwija
2196,직선,直線,jikseon
2197,직장인,会社員,jikjangin
2198,직접적,直接的,jikjeopjeok
2199,직진,ストレート,jikjin
2200,직후,直後,jikhu
2201,진실,真実,jinsil
2202,진심,真心、本気,jinsim
2203,진짜,本当、マジ,jinjja
2204,진찰,診察,jinchal
2205,진통제,鎮痛剤,jintongje
2206,진하다,濃い,jinhada
2207,진학,進学,jinhak
2208,진행,進行,jinhaeng
2209,진행자,司会者,jinhaengja
2210,질병,疾病,jilbyeong
2211,질서,秩序,jilseo
2212,질투,嫉妬,jiltu
2213,질환,疾患,jilhwan
2214,짐승,獣,jimseung
2215,집값,住宅価格,jipgap
2216,집다,つかむ,jipda
2217,집들이,引っ越しパーティー,jipdeuri
2218,집세,家賃,jipse
2219,집안,家柄,jiban
2220,집안일,家事,jibanil
2221,집주인,大家,jipjuin
2222,집중,集中,jipjung
2223,집중력,集中力,jipjungryeok
2224,짙다,濃い、深い,jitda
2225,짜증,イライラ,jjajeung
2226,짝,片方、ペア,jjak
2227,짝사랑,片思い,jjaksarang
2228,짝수,偶数,jjaksu
2229,쫓기다,追われる,jjotgida
2230,쫓다,追う,jjotda
2231,쫓아내다,追い出す,jjochanaeda
2232,쫓아다니다,追い回す,jjochadanida
2233,쭉,ずらりと、ずっと,jjuk
2234,찌다,（肉が）つく、太る,jjida
2235,찜질,チムジル、温療法,jjimjil
2236,찜통더위,蒸し暑さ,jjimtongdeowi
2237,찢다,破る、裂く,jjitda
2238,찢어지다,破れる,jjijeojida
2239,차라리,むしろ,charari
2240,차례,順序、順番,charye
2241,차분하다,物静かだ,chabunhada
2242,차이,差,chai
2243,차이점,違い、異なる点、差異点,chaijeom
2244,착각,錯覚、勘違い,chakgak
2245,찬물,おひや,chanmul
2246,찬성,賛成,chanseong
2247,참가,参加,chamga
2248,참고,参考,chamgo
2249,참기름,ゴマ油,chamgireum
2250,참다,こらえる、我慢する,chamda
2251,참석,参席、参加,chamseok
2252,참여,参与、立ち合い,chamyeo
2253,참치,マグロ,chamchi
2254,찻집,お茶屋、喫茶店,chatjip
2255,창,窓,chang
2256,창피,恥,changpi
2257,찾아내다,探し出す,chajanaeda
2258,찾아다니다,探し回る,chajadanida
2259,찾아보다,調べる、探してみる,chajaboda
2260,채널,チャンネル,chaeneol
2261,채식,菜食,chaesik
2262,채식주의자,菜食主義者、ベジタリアン,chaesikjuuija
2263,채용,採用,chaeyong
2264,채우다,補う,chaeuda
2265,채팅,チャット,chaeting
2266,책임지다,責任を負う,chaegimjida
2267,챙기다,取りまとめる、用意する,chaenggida
2268,처녀,処女,cheonyeo
2269,처리,処理,cheori
2270,처방,処方,cheobang
2271,처방전,処方箋,cheobangjeon
2272,천국,天国,cheonguk
2273,천사,天使,cheonsa
2274,천장,天井,cheonjang
2275,천재,天才、天災,cheonjae
2276,철학,哲学,cheolhak
2277,첫날,初日,cheotnal
2278,첫눈,初雪,cheotnun
2279,첫사랑,初恋,cheotsarang
2280,첫인상,第一印象,cheosinsang
2281,청구서,請求書,cheongguseo
2282,청년,青年,cheongnyeon
2283,청소년,青少年,cheongsonyeon
2284,청첩장,招待状,cheongcheopjang
2285,청혼,プロポーズ,cheonghon
2286,체격,体格,chegyeok
2287,체온,体温,cheon
2288,체육,体育,cheyuk
2289,체육관,体育館,cheyukgwan
2290,체조,体操,chejo
2291,체중,体重,chejung
2292,체험,体験,cheheom
2293,쳐다보다,見上げる、見つめる、眺める,chyeodaboda
2294,초급,初級,chogeup
2295,초기,初期,chogi
2296,초대장,招待状,chodaejang
2297,초보자,初心者,choboja
2298,초청장,招待状,chocheongjang
2299,총,銃,chong
2300,총무과,総務課,chongmugwa
2301,촬영장,撮影所,chwaryeongjang
2302,촬영지,撮影地,chwaryeongji
2303,최근,最近,choegeun
2304,최대,最大,choedae
2305,최선,最善,choeseon
2306,최신,最新,choesin
2307,최저,最低,choejeo
2308,최종,最終,choejong
2309,최초,最初,choecho
2310,최후,最後,choehu
2311,추가,追加,chuga
2312,추위,寒さ,chuwi
2313,추천,推薦,chucheon
2314,추천서,推薦状,chucheonseo
2315,추첨,抽選,chucheom
2316,추측,推測,chucheuk
2317,출국,出国,chulguk
2318,출근길,出勤途中、出勤時,chulgeungil
2319,출력,出力,chulryeok
2320,출산,出産,chulsan
2321,출산율,出産率,chulsanyul
2322,출생,出生,chulsaeng
2323,출석,出席,chulseok
2324,출신,出身,chulsin
2325,출입,出入り,churip
2326,출입국,出入国,churipguk
2327,출퇴근,出勤と退社,chultoegeun
2328,출판사,出版社,chulpansa
2329,충격,衝撃,chunggyeok
2330,충고,忠告,chunggo
2331,충돌,衝突,chungdol
2332,충분하다,十分だ,chungbunhada
2333,충분히,十分に,chungbunhi
2334,취업,就職,chwieop
2335,취업난,就職難,chwieopnan
2336,취침,就寝,chwichim
2337,취하다,酔う,chwihada
2338,측,側,cheuk
2339,치료제,治療薬,chiryoje
2340,치수,寸法,chisu
2341,치우다,片づける、掃除する,chiuda
2342,치즈,チーズ,chijeu
2343,친어머니,実母、実の母,chineomeoni
2344,친환경,環境に優しい,chinhwangyeong
2345,침,つば,chim
2346,침실,寝室,chimsil
2347,칭찬,称賛,chingchan
2348,카네이션,カーネーション,kaneisyeon
2349,카세트,カセット,kaseteu
2350,카센터,カーセンター,kasenteo
2351,카페인,カフェイン,kapein
2352,카펫,カーペット,kapet
2353,칸,空欄、欄,kan
2354,칼국수,カルグクス、韓国式うどん,kalguksu
2355,캄캄하다,真っ暗だ,kamkamhada
2356,캠퍼스,キャンパス,kaempeoseu
2357,캠프,キャンプ,kaempeu
2358,커다랗다,非常に大きい,keodarata
2359,커지다,大きくなる,keojida
2360,커튼,カーテン,keoteun
2361,커플,カップル,keopeul
2362,컴퓨터실,コンピューター室,keompyuteosil
2363,켜지다,（火・電灯が）つく,kyeojida
2364,코끼리,象,kokkiri
2365,코너,コーナー,koneo
2366,코미디,コメディー,komidi
2367,코미디언,コメディアン,komidieon
2368,콘서트,コンサート,konseoteu
2369,콘센트,コンセント,konsenteu
2370,콩나물,豆もやし,kongnamul
2371,퀴즈,クイズ,kwijeu
2372,큰길,大通り,keungil
2373,큰돈,大金,keundon
2374,큰소리,大きな声、大声,keunsori
2375,큰일,大ごと、重大なこと、大事,keunil
2376,클래식,クラシック,keulraesik
2377,클릭,クリック,keulrik
2378,키우다,大きくする、育てる,kiuda
2379,타입,タイプ,taip
2380,탈,事故、故障、仮面,tal
2381,탈의실,脱衣室、試着室,taruisil
2382,탈춤,仮面舞踊、タルチュム,talchum
2383,탑승구,搭乗口,tapseunggu
2384,탕,スープ、汁,tang
2385,태도,態度,taedo
2386,태양,太陽,taeyang
2387,태양열,太陽熱,taeyangyeol
2388,태우다,焼く、燃やす,taeuda
2389,택배,宅配、宅配便,taekbae
2390,택배비,宅配費,taekbaebi
2391,터지다,突然起こる、裂ける、ドッと出る,teojida
2392,털다,はたく,teolda
2393,테이프,テープ,teipeu
2394,텐트,テント,tenteu
2395,토끼,ウサギ,tokki
2396,토론,討論,toron
2397,토하다,吐く,tohada
2398,통계,統計,tonggye
2399,통신,通信,tongsin
2400,통역,通訳,tongyeok
2401,통일,統一,tongil
2402,통증,痛み,tongjeung
2403,통지서,通知書,tongjiseo
2404,통화,通話,tonghwa
2405,퇴근길,仕事帰り,toegeungil
2406,퇴원,退院,toewon
2407,퇴직,退職,toejik
2408,투표,投票,tupyo
2409,튀기다,揚げる、はじく、跳ね飛ばす,twigida
2410,트럭,トラック、貨物自動車,teureok
2411,특기,特技,teukgi
2412,특별,特別,teukbyeol
2413,특별하다,特別だ,teukbyeolhada
2414,특산물,特産物,teuksanmul
2415,튼튼하다,丈夫だ、頑丈だ,teunteunhada
2416,틀림없다,間違いない、決まってる、確かだ,teulrimeopda
2417,틀림없이,間違いなく,teulrimeopsi
2418,틈,隙、暇,teum
2419,티켓,チケット,tiket
2420,팀장,チーム長,timjang
2421,파다,掘る、彫る、掘り下げる、えぐる,pada
2422,파마,パーマ,pama
2423,파일,ファイル,pail
2424,파전,チヂミ,pajeon
2425,판매,販売,panmae
2426,판매자,販売者,panmaeja
2427,팥빙수,パッピンス(韓国風かき氷),patbingsu
2428,패션쇼,ファッションショー,paesyeonsyo
2429,패스트푸드,ファーストフード,paeseuteupudeu
2430,팩스,ファックス,paekseu
2431,팬,ファン,paen
2432,퍼지다,広がる、行き渡る,peojida
2433,편리,便利,pyeonri
2434,편식,偏食,pyeonsik
2435,편안하다,楽だ,pyeonanhada
2436,편의점,コンビニ、便宜店,pyeonuijeom
2437,편히,楽に,pyeonhi
2438,펼치다,広げる,pyeolchida
2439,평가,評価,pyeongga
2440,평균,平均,pyeonggyun
2441,평등,平等,pyeongdeung
2442,평범하다,平凡だ,pyeongbeomhada
2443,평생,一生,pyeongsaeng
2444,평소,普段、日頃,pyeongso
2445,평화,平和,pyeonghwa
2446,포근하다,暖かい、穏やかだ,pogeunhada
2447,포기,放棄,pogi
2448,포도주,ワイン、葡萄酒,podoju
2449,포인트,ポイント,pointeu
2450,포장지,包装紙,pojangji
2451,폭발,爆発,pokbal
2452,폭설,どか雪、爆雪,pokseol
2453,폭식,暴食、やけ食い,poksik
2454,폭우,暴雨、豪雨,pogu
2455,폭포,滝,pokpo
2456,표시,標示,pyosi
2457,표정,表情,pyojeong
2458,표지판,表示板,pyojipan
2459,푸르다,青い,pureuda
2460,풀리다,解ける、ほぐれる、和らぐ,pulrida
2461,풀이,解釈,puri
2462,품질,品質,pumjil
2463,풍경,風景,punggyeong
2464,풍부하다,豊富だ、豊かだ,pungbuhada
2465,풍선,風船,pungseon
2466,프라이팬,フライパン,peuraipaen
2467,프로그래머,プログラマー,peurogeuraemeo
2468,프린터,プリンター,peurinteo
2469,플라스틱,プラスティック,peulraseutik
2470,플러그,プラグ,peulreogeu
2471,피로,疲労,piro
2472,피부,皮膚、肌,pibu
2473,피부과,皮膚科,pibugwa
2474,피부병,皮膚病,pibubyeong
2475,피서,避暑,piseo
2476,피아니스트,ピアニスト,pianiseuteu
2477,피하다,避ける,pihada
2478,피해,被害,pihae
2479,피해자,被害者,pihaeja
2480,필수,必須,pilsu
2481,필수품,必需品,pilsupum
2482,필요성,必要性,piryoseong
2483,핑계,言い訳,pinggye
2484,하도,あまりにも,hado
2485,하루빨리,一日でも早く,haruppalri
2486,하루하루,一日一日,haruharu
2487,하룻밤,一晩,harutbam
2488,하마터면,危うく,hamateomyeon
2489,하품,あくび,hapum
2490,학과,学科,hakgwa
2491,학력,学歴,hakryeok
2492,학문,学問,hakmun
2493,학비,学費,hakbi
2494,학습,学習,hakseup
2495,학자,学者,hakja
2496,학점,単位,hakjeom
2497,한가하다,暇だ,hangahada
2498,한국학,韓国学,hangukhak
2499,한글날,ハングルの日,hangeulnal
2500,한꺼번에,一度に、一緒に,hankkeobeone
2501,한낮,真昼,hannat
2502,한눈,脇目,hannun
2503,한동안,一時、しばらく,handongan
2504,한두,一・二,handu
2505,한마디,一言,hanmadi
2506,한순간,一瞬,hansungan
2507,한숨,一息、一休み、溜息,hansum
2508,한약,漢方薬、韓方薬,hanyak
2509,한옥,韓屋(伝統的な朝鮮の建築様式を使用した家屋),hanok
2510,한우,韓牛、韓国の牛,hanu
2511,한의사,漢方医,hanuisa
2512,한정식,韓定食,hanjeongsik
2513,한지,伝統韓紙,hanji
2514,한참,しばらく、はるかに,hancham
2515,한창,とても、さかんに,hanchang
2516,한편,一方,hanpyeon
2517,할부,分割払い,halbu
2518,할인점,ディスカウントストア,harinjeom
2519,함부로,むやみに、やたらに,hamburo
2520,합격자,合格者,hapgyeokja
2521,합치다,合わせる,hapchida
2522,합하다,足す,haphada
2523,항공,航空,hanggong
2524,항공권,航空券,hanggonggwon
2525,항공기,航空機,hanggonggi
2526,항공료,航空料,hanggongryo
2527,항공사,航空会社,hanggongsa
2528,항공편,航空便,hanggongpyeon
2529,해결,解決,haegyeol
2530,해결책,解決策,haegyeolchaek
2531,해고,解雇,haego
2532,해내다,やりとげる,haenaeda
2533,해돋이,日の出,haedodi
2534,해롭다,有害である、害になる,haeropda
2535,해마다,毎年,haemada
2536,해물,海産物,haemul
2537,해보다,やってみる,haeboda
2538,해산물,海産物,haesanmul
2539,해소,解消,haeso
2540,해소법,解消法,haesobeop
2541,해수욕,海水浴,haesuyok
2542,해수욕장,海水浴場,haesuyokjang
2543,해열제,解熱剤,haeyeolje
2544,핸드백,ハンドバック,haendeubaek
2545,햇곡식,新穀,haetgoksik
2546,햇볕,日差し、日光,haetbyeot
2547,행동,行動,haengdong
2548,행사장,催事場,haengsajang
2549,행운,幸運,haengun
2550,향,香、香り,hyang
2551,향기,香り,hyanggi
2552,향수,香水、郷愁,hyangsu
2553,향하다,向かう,hyanghada
2554,허락,許諾、許し,heorak
2555,허리띠,ベルト、腰巻,heoritti
2556,험하다,険しい,heomhada
2557,헤매다,さまよう、迷う,hemaeda
2558,헤어스타일,ヘアスタイル,heeoseutail
2559,헤어지다,別れる、離れる,heeojida
2560,헤엄치다,泳ぐ,heeomchida
2561,헬멧,ヘルメット,helmet
2562,헬스클럽,スポーツクラブ、ジム,helseukeulreop
2563,현관,玄関,hyeongwan
2564,현관문,玄関ドア,hyeongwanmun
2565,현대,現代,hyeondae
2566,현대식,現代式,hyeondaesik
2567,현대인,現代人,hyeondaein
2568,현대적,現代的,hyeondaejeok
2569,현모양처,良妻賢母,hyeonmoyangcheo
2570,현실,現実,hyeonsil
2571,현실적,現実的,hyeonsiljeok
2572,현장,現場,hyeonjang
2573,형용사,形容詞,hyeongyongsa
2574,형태,形,hyeongtae
2575,형편,状況、事情,hyeongpyeon
2576,혜택,恵み、恩恵,hyetaek
2577,호감,好感,hogam
2578,호기심,好奇心,hogisim
2579,호수,湖,hosu
2580,호칭,呼称,hoching
2581,혹시,もしかして、ひょっとして,hoksi
2582,혹은,あるいは,hogeun
2583,혼나다,怒られる,honnada
2584,혼내다,叱る、こらしめる,honnaeda
2585,혼잡,混雑,honjap
2586,홀수,奇数,holsu
2587,홍보,広報,hongbo
2588,홍보물,広報物,hongbomul
2589,홍수,洪水,hongsu
2590,화려하다,華麗だ、華やかだ,hwaryeohada
2591,화면,画面,hwamyeon
2592,화물,貨物,hwamul
2593,화분,植木鉢,hwabun
2594,화산,火山,hwasan
2595,화상,やけど,hwasang
2596,화장지,トイレットペーパー,hwajangji
2597,화재,火災、火事,hwajae
2598,화창하다,のどかだ,hwachanghada
2599,화해,和解,hwahae
2600,확실하다,確実だ,hwaksilhada
2601,환경,環境,hwangyeong
2602,환기,換気,hwangi
2603,환불,払い戻し,hwanbul
2604,환상적,幻想的,hwansangjeok
2605,환송회,歓送会,hwansonghoe
2606,환영회,歓迎会,hwanyeonghoe
2607,환율,為替レート,hwanyul
2608,환전,両替,hwanjeon
2609,환절기,季節の変わり目,hwanjeolgi
2610,활동,活動,hwaldong
2611,활동적,活動的,hwaldongjeok
2612,활발하다,活発だ,hwalbalhada
2613,활용,活用,hwaryong
2614,활짝,ぱあっと、満開に,hwaljjak
2615,황당하다,とてつもない、とんでもない,hwangdanghada
2616,황사,黄砂,hwangsa
2617,〜 회 ～,回,〜 hoe ～
2618,회갑,還暦,hoegap
2619,회복,回復,hoebok
2620,회비,会費,hoebi
2621,회식,会食、飲み会,hoesik
2622,회원,会員,hoewon
2623,회의장,会議場,hoeuijang
2624,회장,会長,hoejang
2625,횟수,回数,hoetsu
2626,효과,効果、効き目,hyogwa
2627,효과적,効果的,hyogwajeok
2628,효녀,孝行娘,hyonyeo
2629,효율적,効率的,hyoyuljeok
2630,후문,裏門,humun
2631,후반,後半,huban
2632,후반전,後半戦,hubanjeon
2633,후보,候補,hubo
2634,후식,デザート,husik
2635,후회,後悔,huhoe
2636,훈련,訓練,hunryeon
2637,훌륭하다,立派だ、すばらしい,hulryunghada
2638,훔치다,盗む,humchida
2639,훨씬,ずっと、はるかに,hwolssin
2640,휘발유,ガソリン、揮発油,hwibaryu
2641,휴가철,休暇の季節,hyugacheol
2642,휴게실,休憩室,hyugesil
2643,휴대,携帯,hyudae
2644,휴대폰,携帯電話,hyudaepon
2645,휴식,休息,hyusik
2646,휴양지,リゾート,hyuyangji
2647,휴학,休学,hyuhak
2648,흐르다,流れる,heureuda
2649,흔들다,振る、揺らす,heundeulda
2650,흔들리다,揺れる、そよぐ、ぐらつく,heundeulrida
2651,흔하다,ありふれている,heunhada
2652,흔히,よく、多く,heunhi
2653,흘리다,流す、こぼす、紛失する,heulrida
2654,흙,土,heuk
2655,흡연,喫煙,heubyeon
2656,흥미,興味,heungmi
2657,흥분,興奮,heungbun
2658,희다,白い,huida
2659,희망,希望,huimang
2660,희망자,希望者,huimangja
2661,희생자,犠牲者,huisaengja
2662,힘껏,力の限り、精一杯,himkkeot
